id;data_inversa;dia_semana;horario;br;km;municipio;causa_acidente;tipo_acidente;classificacao_acidente;fase_dia;sentido_via;condicao_metereologica;tipo_pista;tracado_via;uso_solo;pessoas;mortos;feridos_leves;feridos_graves;ilesos;ignorados;feridos;veiculos;latitude;longitude
260133.0;2020-01-01;quarta-feira;12:30:00;101.0;102.3;SOORETAMA;Ultrapassagem Indevida;Colisão frontal;Com Vítimas Feridas;Pleno dia;Decrescente;Sol;Simples;Não Informado;Não;2;0;0;1;1;0;1;2;-18.99655669;-40.00319452
260206.0;2020-01-01;quarta-feira;17:30:00;101.0;431;ATILIO VIVACQUA;Defeito Mecânico no Veículo;Saída de leito carroçável;Sem Vítimas;Pleno dia;Decrescente;Sol;Simples;Curva;Não;1;0;0;0;1;0;0;1;-21.02634744;-41.16929054
260244.0;2020-01-01;quarta-feira;21:40:00;447.0;12;VILA VELHA;Falta de Atenção do Pedestre;Atropelamento de Pedestre;Com Vítimas Feridas;Plena Noite;Crescente;Céu Claro;Dupla;Reta;Sim;2;0;2;0;0;0;2;1;-20.35784325;-40.3328294
260336.0;2020-01-01;quarta-feira;17:30:00;101.0;120;SOORETAMA;Falta de Atenção à Condução;Saída de leito carroçável;Sem Vítimas;Pleno dia;Crescente;Céu Claro;Simples;Reta;Não;1;0;0;0;0;1;0;1;-19.1438532;-40.0751016
260276.0;2020-01-02;quinta-feira;06:25:00;262.0;1.8;CARIACICA;Falta de Atenção à Condução;Colisão lateral;Com Vítimas Feridas;Pleno dia;Crescente;Céu Claro;Dupla;Reta;Sim;2;0;0;1;1;0;1;2;-20.33295742;-40.35887718
260290.0;2020-01-02;quinta-feira;06:20:00;259.0;25.1;COLATINA;Falta de Atenção à Condução;Tombamento;Com Vítimas Feridas;Pleno dia;Crescente;Nublado;Simples;Curva;Não;1;0;1;0;0;0;1;1;-19.61785197;-40.48108118
260322.0;2020-01-02;quinta-feira;10:40:00;101.0;297;VIANA;Falta de Atenção à Condução;Colisão frontal;Com Vítimas Feridas;Pleno dia;Decrescente;Céu Claro;Múltipla;Reta;Não;2;0;1;0;1;0;1;2;-20.34529844;-40.41026774
260478.0;2020-01-02;quinta-feira;22:30:00;101.0;435.4;MIMOSO DO SUL;Pista Escorregadia;Tombamento;Com Vítimas Fatais;Plena Noite;Crescente;Chuva;Simples;Curva;Não;2;1;1;0;0;0;1;1;-21.05500952;-41.19609059
260480.0;2020-01-02;quinta-feira;22:55:00;101.0;247;SERRA;Falta de Atenção à Condução;Saída de leito carroçável;Com Vítimas Feridas;Plena Noite;Crescente;Chuva;Simples;Reta;Não;1;0;1;0;0;0;1;1;-20.06746339;-40.37085006
262561.0;2020-01-02;quinta-feira;11:15:00;259.0;10.5;JOAO NEIVA;Condutor Dormindo;Saída de leito carroçável;Com Vítimas Feridas;Pleno dia;Crescente;Sol;Simples;Reta;Não;1;0;1;0;0;0;1;1;-19.66858288;-40.40294056
260679.0;2020-01-03;sexta-feira;19:20:00;482.0;106.5;GUACUI;Velocidade Incompatível;Colisão transversal;Com Vítimas Feridas;Plena Noite;Crescente;Chuva;Simples;Reta;Sim;2;0;1;0;1;0;1;2;-20.7749648;-41.67600002
260629.0;2020-01-03;sexta-feira;16:00:00;101.0;201;JOAO NEIVA;Pista Escorregadia;Queda de ocupante de veículo;Com Vítimas Feridas;Pleno dia;Crescente;Nublado;Simples;Curva;Não;2;0;2;0;0;0;2;1;-19.73362414;-40.36120476
260610.0;2020-01-03;sexta-feira;14:50:00;101.0;225.3;IBIRACU;Falta de Atenção à Condução;Capotamento;Com Vítimas Feridas;Pleno dia;Decrescente;Nublado;Simples;Reta;Não;4;0;3;0;1;0;3;1;-19.89290688;-40.41230369
260503.0;2020-01-03;sexta-feira;05:25:00;101.0;264.5;SERRA;Desobediência às normas de trânsito pelo condutor;Colisão transversal;Com Vítimas Feridas;Pleno dia;Crescente;Chuva;Múltipla;Interseção de vias;Sim;3;0;1;1;1;0;2;2;-20.17889309;-40.26530538
260565.0;2020-01-03;sexta-feira;12:10:00;101.0;204.8;JOAO NEIVA;Falta de Atenção à Condução;Colisão transversal;Sem Vítimas;Pleno dia;Decrescente;Nublado;Simples;Interseção de vias;Sim;2;0;0;0;2;0;0;2;-19.74948916;-40.37922678
260522.0;2020-01-03;sexta-feira;08:00:00;101.0;269.1;SERRA;Falta de Atenção à Condução;Colisão lateral;Com Vítimas Feridas;Pleno dia;Decrescente;Céu Claro;Dupla;Reta;Sim;2;0;0;1;1;0;1;2;-20.21740496;-40.26990578
260483.0;2020-01-03;sexta-feira;00:10:00;101.0;220.7;IBIRACU;Velocidade Incompatível;Saída de leito carroçável;Com Vítimas Feridas;Plena Noite;Crescente;Chuva;Simples;Reta;Não;1;0;1;0;0;0;1;1;-19.86715386;-40.40119171
260599.0;2020-01-03;sexta-feira;14:30:00;101.0;264;SERRA;Falta de Atenção à Condução;Colisão traseira;Com Vítimas Feridas;Pleno dia;Decrescente;Nublado;Múltipla;Interseção de vias;Sim;2;0;1;0;0;1;1;2;-20.17292791;-40.26736384
260875.0;2020-01-04;sábado;20:00:00;101.0;360.9;ANCHIETA;Velocidade Incompatível;Tombamento;Com Vítimas Feridas;Plena Noite;Crescente;Chuva;Simples;Curva;Não;1;0;1;0;0;0;1;1;-20.7043621;-40.71735486
260906.0;2020-01-04;sábado;23:45:00;101.0;147;LINHARES;Falta de Atenção à Condução;Tombamento;Com Vítimas Feridas;Plena Noite;Crescente;Céu Claro;Simples;Reta;Não;2;0;2;0;0;0;2;1;-19.37887202;-40.06657892
260904.0;2020-01-04;sábado;22:45:00;101.0;334.7;GUARAPARI;Ingestão de Álcool;Colisão traseira;Sem Vítimas;Plena Noite;Decrescente;Nublado;Dupla;Reta;Não;3;0;0;0;2;1;0;2;-20.6213791;-40.52011191
260859.0;2020-01-04;sábado;18:10:00;101.0;140.3;LINHARES;Falta de Atenção à Condução;Colisão traseira;Com Vítimas Feridas;Plena Noite;Crescente;Chuva;Simples;Reta;Sim;2;0;1;0;1;0;1;2;-19.31817306;-40.07552313
260810.0;2020-01-04;sábado;14:30:00;262.0;120;CONCEICAO DO CASTELO;Falta de Atenção à Condução;Colisão lateral;Com Vítimas Feridas;Pleno dia;Crescente;Nublado;Simples;Não Informado;Não;4;0;2;0;2;0;2;2;-20.300399;-41.23049498
260756.0;2020-01-04;sábado;08:50:00;262.0;49;MARECHAL FLORIANO;Falta de Atenção à Condução;Colisão transversal;Com Vítimas Feridas;Pleno dia;Decrescente;Nublado;Simples;Reta;Sim;2;0;1;0;1;0;1;2;-20.41251052;-40.69798571
260783.0;2020-01-04;sábado;11:34:00;101.0;146;LINHARES;Falta de Atenção à Condução;Colisão traseira;Com Vítimas Feridas;Pleno dia;Decrescente;Céu Claro;Simples;Reta;Sim;2;0;1;0;1;0;1;2;-19.36990998;-40.06560718
260781.0;2020-01-04;sábado;10:20:00;262.0;103.5;VENDA NOVA DO IMIGRANTE;Desobediência às normas de trânsito pelo condutor;Atropelamento de Pedestre;Com Vítimas Feridas;Pleno dia;Crescente;Céu Claro;Dupla;Reta;Sim;2;0;0;2;0;0;2;1;-20.33657022;-41.12201819
260761.0;2020-01-04;sábado;09:50:00;262.0;76.1;DOMINGOS MARTINS;Pista Escorregadia;Colisão frontal;Com Vítimas Feridas;Pleno dia;Crescente;Garoa/Chuvisco;Simples;Curva;Não;3;0;1;0;2;0;1;2;-20.41279327;-40.90834307
260816.0;2020-01-04;sábado;15:00:00;101.0;266;SERRA;Falta de Atenção à Condução;Colisão lateral;Com Vítimas Feridas;Pleno dia;Crescente;Céu Claro;Múltipla;Reta;Sim;3;0;1;1;1;0;2;2;-20.190199;-40.26828891
260944.0;2020-01-05;domingo;07:20:00;262.0;101;VENDA NOVA DO IMIGRANTE;Ingestão de Álcool;Saída de leito carroçável;Com Vítimas Feridas;Pleno dia;Decrescente;Céu Claro;Dupla;Viaduto;Não;1;0;0;1;0;0;1;1;-20.34357039;-41.10950531
261098.0;2020-01-05;domingo;22:40:00;101.0;381.4;RIO NOVO DO SUL;Não guardar distância de segurança;Saída de leito carroçável;Com Vítimas Feridas;Plena Noite;Decrescente;Chuva;Simples;Reta;Sim;4;0;4;0;0;0;4;1;-20.81426791;-40.84094115
266013.0;2020-01-06;segunda-feira;10:30:00;262.0;0.5;CARIACICA;Falta de Atenção à Condução;Colisão traseira;Com Vítimas Feridas;Pleno dia;Decrescente;Céu Claro;Dupla;Ponte;Não;2;0;1;0;1;0;1;2;-20.320793;-40.353315
261257.0;2020-01-06;segunda-feira;21:07:00;101.0;424.5;ATILIO VIVACQUA;Falta de Atenção à Condução;Tombamento;Com Vítimas Feridas;Plena Noite;Crescente;Nublado;Simples;Reta;Não;1;0;0;1;0;0;1;1;-20.9947948;-41.12521918
261128.0;2020-01-06;segunda-feira;06:30:00;101.0;19.9;PEDRO CANARIO;Falta de Atenção à Condução;Tombamento;Com Vítimas Feridas;Pleno dia;Crescente;Céu Claro;Simples;Interseção de vias;Não;2;0;1;0;1;0;1;2;-18.31846928;-39.95435579
261210.0;2020-01-06;segunda-feira;15:20:00;101.0;297.6;VIANA;Desobediência às normas de trânsito pelo condutor;Colisão lateral;Com Vítimas Feridas;Pleno dia;Decrescente;Céu Claro;Dupla;Reta;Não;2;0;1;0;1;0;1;2;-20.34529844;-40.41026774
261226.0;2020-01-06;segunda-feira;16:50:00;101.0;262.1;SERRA;Falta de Atenção à Condução;Colisão traseira;Com Vítimas Feridas;Pleno dia;Crescente;Nublado;Múltipla;Reta;Sim;3;0;2;0;1;0;2;2;-20.1572331;-40.27678329
261281.0;2020-01-07;terça-feira;02:30:00;101.0;142;LINHARES;Falta de Atenção à Condução;Colisão traseira;Com Vítimas Feridas;Plena Noite;Crescente;Céu Claro;Simples;Reta;Sim;4;0;1;0;3;0;1;2;-19.33458987;-40.06755477
261283.0;2020-01-07;terça-feira;03:30:00;262.0;173.2;IBATIBA;Animais na Pista;Atropelamento de Animal;Sem Vítimas;Plena Noite;Decrescente;Céu Claro;Simples;Ponte;Não;1;0;0;0;1;0;0;1;-20.26976575;-41.61269188
261294.0;2020-01-07;terça-feira;06:35:00;101.0;148;LINHARES;Animais na Pista;Atropelamento de Animal;Sem Vítimas;Pleno dia;Crescente;Céu Claro;Múltipla;Reta;Sim;1;0;0;0;1;0;0;1;-19.38787399;-40.06752766
261298.0;2020-01-07;terça-feira;06:36:00;101.0;148;LINHARES;Animais na Pista;Atropelamento de Animal;Sem Vítimas;Pleno dia;Decrescente;Céu Claro;Múltipla;Reta;Sim;1;0;0;0;1;0;0;1;-19.38787399;-40.06752766
261318.0;2020-01-07;terça-feira;08:40:00;101.0;145;LINHARES;Defeito Mecânico no Veículo;Engavetamento;Sem Vítimas;Pleno dia;Crescente;Céu Claro;Dupla;Reta;Sim;5;0;0;0;5;0;0;3;-19.36089598;-40.06464018
261568.0;2020-01-08;quarta-feira;17:00:00;262.0;2.2;CARIACICA;Falta de Atenção à Condução;Colisão com objeto estático;Com Vítimas Feridas;Pleno dia;Decrescente;Sol;Dupla;Curva;Sim;2;0;2;0;0;0;2;1;-20.33275688;-40.36077696
261593.0;2020-01-08;quarta-feira;21:40:00;101.0;265;SERRA;Falta de Atenção à Condução;Colisão lateral;Com Vítimas Feridas;Plena Noite;Crescente;Céu Claro;Dupla;Reta;Sim;2;0;0;1;1;0;1;2;-20.1816849;-40.26536036
261547.0;2020-01-08;quarta-feira;17:00:00;101.0;296;CARIACICA;Desobediência às normas de trânsito pelo condutor;Colisão lateral;Com Vítimas Feridas;Anoitecer;Crescente;Sol;Múltipla;Reta;Sim;2;0;1;0;1;0;1;2;-20.34029997;-40.40405712
271669.0;2020-01-08;quarta-feira;14:05:00;262.0;101.5;VENDA NOVA DO IMIGRANTE;Desobediência às normas de trânsito pelo condutor;Colisão lateral;Com Vítimas Feridas;Pleno dia;Crescente;Céu Claro;Simples;Não Informado;Não;3;0;0;2;1;0;2;2;-20.34357039;-41.10950531
261494.0;2020-01-08;quarta-feira;11:50:00;262.0;105.9;VENDA NOVA DO IMIGRANTE;Desobediência às normas de trânsito pelo condutor;Colisão transversal;Com Vítimas Feridas;Pleno dia;Decrescente;Sol;Simples;Não Informado;Sim;2;0;1;0;1;0;1;2;-20.32624656;-41.13598921
261487.0;2020-01-08;quarta-feira;10:50:00;101.0;266;SERRA;Falta de Atenção à Condução;Colisão traseira;Com Vítimas Feridas;Pleno dia;Decrescente;Céu Claro;Múltipla;Reta;Sim;2;0;1;0;1;0;1;2;-20.190199;-40.26828891
261432.0;2020-01-08;quarta-feira;05:40:00;259.0;50;COLATINA;Falta de Atenção à Condução;Queda de ocupante de veículo;Sem Vítimas;Amanhecer;Crescente;Céu Claro;Simples;Reta;Sim;1;0;0;0;0;1;0;1;-19.510103;-40.60615
261534.0;2020-01-08;quarta-feira;15:50:00;101.0;288.4;CARIACICA;Falta de Atenção à Condução;Queda de ocupante de veículo;Com Vítimas Feridas;Pleno dia;Crescente;Sol;Dupla;Reta;Sim;3;0;2;0;1;0;2;2;-20.27160351;-40.39091743
261463.0;2020-01-08;quarta-feira;08:30:00;262.0;1.5;CARIACICA;Desobediência às normas de trânsito pelo condutor;Colisão lateral;Com Vítimas Feridas;Pleno dia;Decrescente;Sol;Dupla;Reta;Sim;3;0;2;0;0;1;2;2;-20.32955204;-40.35492602
261699.0;2020-01-09;quinta-feira;14:30:00;101.0;334;GUARAPARI;Falta de Atenção à Condução;Colisão traseira;Com Vítimas Feridas;Pleno dia;Decrescente;Céu Claro;Simples;Reta;Não;2;0;1;0;0;1;1;2;-20.6213791;-40.52011191
261721.0;2020-01-09;quinta-feira;16:05:00;101.0;146.2;LINHARES;Falta de Atenção à Condução;Colisão traseira;Com Vítimas Feridas;Pleno dia;Crescente;Sol;Dupla;Reta;Sim;2;0;1;0;1;0;1;2;-19.36990998;-40.06560718
261726.0;2020-01-09;quinta-feira;17:20:00;101.0;267.3;SERRA;Falta de Atenção à Condução;Colisão traseira;Com Vítimas Feridas;Pleno dia;Decrescente;Céu Claro;Múltipla;Reta;Não;2;0;1;0;1;0;1;2;-20.19930999;-40.26884609
261734.0;2020-01-09;quinta-feira;18:00:00;101.0;146.7;LINHARES;Desobediência às normas de trânsito pelo condutor;Colisão transversal;Com Vítimas Feridas;Pleno dia;Decrescente;Céu Claro;Múltipla;Interseção de vias;Sim;2;0;1;0;1;0;1;2;-19.36990998;-40.06560718
261746.0;2020-01-09;quinta-feira;18:30:00;101.0;270;SERRA;Desobediência às normas de trânsito pelo pedestre;Atropelamento de Pedestre;Com Vítimas Feridas;Anoitecer;Crescente;Céu Claro;Dupla;Reta;Sim;2;0;1;0;0;1;1;1;-20.22662056;-40.27075088
261779.0;2020-01-09;quinta-feira;22:20:00;101.0;67.9;SAO MATEUS;Desobediência às normas de trânsito pelo condutor;Colisão frontal;Com Vítimas Fatais;Plena Noite;Decrescente;Céu Claro;Simples;Curva;Sim;2;1;0;1;0;0;1;2;-18.72054021;-39.8658931
261789.0;2020-01-09;quinta-feira;22:30:00;101.0;421.7;CACHOEIRO DE ITAPEMIRIM;Falta de Atenção à Condução;Saída de leito carroçável;Com Vítimas Feridas;Plena Noite;Crescente;Céu Claro;Simples;Curva;Não;1;0;0;1;0;0;1;1;-20.97396984;-41.11067322
273824.0;2020-01-09;quinta-feira;07:40:00;101.0;257;SERRA;Defeito Mecânico no Veículo;Queda de ocupante de veículo;Com Vítimas Feridas;Pleno dia;Decrescente;Sol;Dupla;Reta;Sim;2;0;1;1;0;0;2;1;-20.12455095;-40.30331881
261835.0;2020-01-10;sexta-feira;07:00:00;101.0;144.8;LINHARES;Falta de Atenção à Condução;Colisão frontal;Com Vítimas Feridas;Pleno dia;Decrescente;Sol;Simples;Reta;Sim;2;0;1;0;0;1;1;2;-19.35188295;-40.0636685
261905.0;2020-01-10;sexta-feira;14:30:00;101.0;254.3;SERRA;Desobediência às normas de trânsito pelo condutor;Colisão transversal;Com Vítimas Feridas;Pleno dia;Decrescente;Céu Claro;Simples;Não Informado;Sim;2;0;1;0;0;1;1;2;-20.1100364;-40.32740141
261970.0;2020-01-10;sexta-feira;18:40:00;101.0;354.5;ANCHIETA;Defeito Mecânico no Veículo;Incêndio;Sem Vítimas;Plena Noite;Decrescente;Céu Claro;Simples;Reta;Não;1;0;0;0;1;0;0;1;-20.68448741;-40.67131406
261852.0;2020-01-10;sexta-feira;08:00:00;101.0;269.9;SERRA;Falta de Atenção à Condução;Colisão traseira;Com Vítimas Feridas;Pleno dia;Crescente;Céu Claro;Múltipla;Reta;Sim;6;0;1;0;5;0;1;5;-20.21740496;-40.26990578
264791.0;2020-01-10;sexta-feira;07:35:00;262.0;47.1;MARECHAL FLORIANO;Falta de Atenção à Condução;Colisão transversal;Com Vítimas Feridas;Pleno dia;Crescente;Sol;Simples;Curva;Sim;2;0;0;2;0;0;2;2;-20.41130252;-40.67926543
261933.0;2020-01-10;sexta-feira;17:10:00;101.0;144.3;LINHARES;Desobediência às normas de trânsito pelo condutor;Colisão traseira;Com Vítimas Feridas;Pleno dia;Decrescente;Céu Claro;Múltipla;Reta;Sim;2;0;1;0;1;0;1;2;-19.35188295;-40.0636685
262146.0;2020-01-11;sábado;14:00:00;101.0;269.5;SERRA;Desobediência às normas de trânsito pelo condutor;Colisão transversal;Com Vítimas Feridas;Pleno dia;Decrescente;Céu Claro;Múltipla;Interseção de vias;Sim;8;0;2;0;6;0;2;4;-20.21740496;-40.26990578
262147.0;2020-01-11;sábado;14:00:00;101.0;288;CARIACICA;Falta de Atenção à Condução;Saída de leito carroçável;Com Vítimas Feridas;Pleno dia;Crescente;Céu Claro;Dupla;Reta;Sim;1;0;1;0;0;0;1;1;-20.27160351;-40.39091743
262372.0;2020-01-12;domingo;17:10:00;262.0;6.3;CARIACICA;Falta de Atenção do Pedestre;Atropelamento de Pedestre;Com Vítimas Feridas;Pleno dia;Decrescente;Sol;Múltipla;Reta;Sim;3;0;3;0;0;0;3;1;-20.34007493;-40.39451305
262383.0;2020-01-12;domingo;17:20:00;101.0;232.8;FUNDAO;Falta de Atenção à Condução;Capotamento;Com Vítimas Feridas;Pleno dia;Crescente;Céu Claro;Dupla;Reta;Não;1;0;0;1;0;0;1;1;-19.96051699;-40.4070282
262347.0;2020-01-12;domingo;15:15:00;101.0;267;SERRA;Desobediência às normas de trânsito pelo condutor;Queda de ocupante de veículo;Com Vítimas Feridas;Pleno dia;Decrescente;Céu Claro;Múltipla;Reta;Sim;2;0;1;0;0;1;1;1;-20.19930999;-40.26884609
262415.0;2020-01-12;domingo;19:30:00;101.0;262.3;SERRA;Velocidade Incompatível;Tombamento;Com Vítimas Feridas;Plena Noite;Crescente;Céu Claro;Dupla;Reta;Sim;1;0;1;0;0;0;1;1;-20.1572331;-40.27678329
262424.0;2020-01-12;domingo;17:00:00;262.0;29;DOMINGOS MARTINS;Falta de Atenção à Condução;Colisão com objeto estático;Sem Vítimas;Plena Noite;Decrescente;Nublado;Dupla;Curva;Não;1;0;0;0;1;0;0;1;-20.37585099;-40.56027297
262439.0;2020-01-12;domingo;19:30:00;101.0;287;CARIACICA;Falta de Atenção à Condução;Colisão transversal;Com Vítimas Feridas;Plena Noite;Crescente;Céu Claro;Dupla;Reta;Sim;2;0;1;0;1;0;1;2;-20.26493528;-40.38471702
262345.0;2020-01-12;domingo;15:10:00;101.0;436;MIMOSO DO SUL;Condutor Dormindo;Saída de leito carroçável;Com Vítimas Feridas;Pleno dia;Crescente;Céu Claro;Simples;Reta;Não;4;0;0;1;3;0;1;1;-21.10797047;-41.25918478
262288.0;2020-01-12;domingo;07:00:00;101.0;322;GUARAPARI;Falta de Atenção à Condução;Colisão lateral;Sem Vítimas;Pleno dia;Decrescente;Céu Claro;Múltipla;Desvio Temporário;Não;2;0;0;0;1;1;0;2;-20.52834469;-40.48236575
262358.0;2020-01-12;domingo;16:00:00;262.0;58;MARECHAL FLORIANO;Condutor Dormindo;Colisão frontal;Com Vítimas Feridas;Pleno dia;Crescente;Sol;Simples;Curva;Não;6;0;0;5;1;0;5;2;-20.42076276;-40.76927908
262389.0;2020-01-12;domingo;18:30:00;262.0;5.5;CARIACICA;Falta de Atenção do Pedestre;Atropelamento de Pedestre;Com Vítimas Feridas;Plena Noite;Decrescente;Céu Claro;Múltipla;Não Informado;Sim;2;0;1;0;1;0;1;1;-20.33707281;-40.38649924
262634.0;2020-01-13;segunda-feira;15:20:00;101.0;131.4;LINHARES;Desobediência às normas de trânsito pelo condutor;Colisão transversal;Com Vítimas Feridas;Pleno dia;Crescente;Céu Claro;Simples;Não Informado;Não;6;0;0;1;5;0;1;2;-19.238965;-40.09170698
262606.0;2020-01-13;segunda-feira;13:10:00;101.0;296;CARIACICA;Não guardar distância de segurança;Colisão traseira;Com Vítimas Feridas;Pleno dia;Crescente;Céu Claro;Simples;Reta;Sim;2;0;0;1;1;0;1;2;-20.34029997;-40.40405712
262481.0;2020-01-13;segunda-feira;03:50:00;101.0;299;VIANA;Desobediência às normas de trânsito pelo pedestre;Atropelamento de Pedestre;Com Vítimas Fatais;Plena Noite;Decrescente;Céu Claro;Dupla;Reta;Sim;3;1;0;0;1;1;0;1;-20.35857892;-40.42376518
262482.0;2020-01-13;segunda-feira;02:56:00;101.0;358.8;ANCHIETA;Condutor Dormindo;Saída de leito carroçável;Sem Vítimas;Plena Noite;Decrescente;Céu Claro;Simples;Reta;Não;1;0;0;0;0;1;0;1;-20.691717;-40.704254
262556.0;2020-01-13;segunda-feira;10:25:00;101.0;288.8;CARIACICA;Falta de Atenção à Condução;Colisão lateral;Com Vítimas Feridas;Pleno dia;Crescente;Céu Claro;Dupla;Reta;Sim;3;0;1;0;2;0;1;3;-20.27160351;-40.39091743
262489.0;2020-01-13;segunda-feira;06:30:00;101.0;108.1;SOORETAMA;Desobediência às normas de trânsito pelo condutor;Colisão traseira;Com Vítimas Feridas;Pleno dia;Crescente;Sol;Simples;Não Informado;Não;3;0;1;2;0;0;3;2;-19.04580488;-40.02680125
262706.0;2020-01-14;terça-feira;05:10:00;101.0;266;SERRA;Desobediência às normas de trânsito pelo condutor;Colisão transversal;Com Vítimas Feridas;Amanhecer;Crescente;Céu Claro;Dupla;Interseção de vias;Sim;5;0;4;0;1;0;4;2;-20.190199;-40.26828891
262813.0;2020-01-14;terça-feira;17:30:00;482.0;76.2;ALEGRE;Desobediência às normas de trânsito pelo condutor;Colisão transversal;Com Vítimas Feridas;Pleno dia;Decrescente;Céu Claro;Simples;Interseção de vias;Sim;3;0;1;2;0;0;3;3;-20.7461658;-41.48379518
262802.0;2020-01-14;terça-feira;15:20:00;101.0;267.6;SERRA;Falta de Atenção à Condução;Colisão lateral;Com Vítimas Feridas;Pleno dia;Decrescente;Nublado;Múltipla;Reta;Sim;3;0;2;0;1;0;2;2;-20.19930999;-40.26884609
262800.0;2020-01-14;terça-feira;15:30:00;101.0;273.7;SERRA;Defeito Mecânico no Veículo;Queda de ocupante de veículo;Com Vítimas Feridas;Pleno dia;Crescente;Céu Claro;Dupla;Reta;Sim;2;0;2;0;0;0;2;1;-20.22029207;-40.29048811
262728.0;2020-01-14;terça-feira;07:00:00;101.0;268;SERRA;Falta de Atenção do Pedestre;Atropelamento de Pedestre;Com Vítimas Feridas;Pleno dia;Crescente;Céu Claro;Múltipla;Reta;Sim;2;0;1;0;1;0;1;1;-20.20842;-40.269405
262761.0;2020-01-14;terça-feira;10:40:00;101.0;313;VILA VELHA;Falta de Atenção à Condução;Tombamento;Com Vítimas Feridas;Pleno dia;Crescente;Nublado;Simples;Reta;Não;1;0;1;0;0;0;1;1;-20.45266304;-40.46227791
262811.0;2020-01-14;terça-feira;16:55:00;101.0;296;CARIACICA;Defeito Mecânico no Veículo;Colisão com objeto estático;Com Vítimas Feridas;Pleno dia;Decrescente;Céu Claro;Dupla;Reta;Sim;3;0;1;0;0;2;1;1;-20.34029997;-40.40405712
262794.0;2020-01-14;terça-feira;14:50:00;262.0;2;CARIACICA;Falta de Atenção à Condução;Colisão traseira;Com Vítimas Feridas;Pleno dia;Decrescente;Céu Claro;Múltipla;Reta;Não;3;0;1;0;1;1;1;2;-20.33275688;-40.36077696
263005.0;2020-01-15;quarta-feira;18:15:00;101.0;160;LINHARES;Não guardar distância de segurança;Colisão traseira;Com Vítimas Feridas;Pleno dia;Crescente;Nublado;Simples;Reta;Não;5;0;1;0;4;0;1;3;-19.47662979;-40.11402541
263022.0;2020-01-15;quarta-feira;19:10:00;101.0;58;SAO MATEUS;Restrição de Visibilidade;Atropelamento de Pedestre;Com Vítimas Feridas;Plena Noite;Crescente;Céu Claro;Simples;Desvio Temporário;Não;2;0;0;1;0;1;1;1;-18.65547194;-39.87148278
263023.0;2020-01-15;quarta-feira;20:20:00;101.0;281.2;SERRA;Animais na Pista;Atropelamento de Animal;Com Vítimas Feridas;Plena Noite;Crescente;Céu Claro;Dupla;Reta;Não;1;0;1;0;0;0;1;1;-20.22112792;-40.35720552
263248.0;2020-01-16;quinta-feira;23:00:00;101.0;7;ICONHA;Ingestão de Álcool;Colisão traseira;Sem Vítimas;Plena Noite;Decrescente;Céu Claro;Dupla;Não Informado;Não;2;0;0;0;2;0;0;2;-20.80378584;-40.82956731
263226.0;2020-01-16;quinta-feira;20:20:00;101.0;80.4;SAO MATEUS;Não guardar distância de segurança;Colisão traseira;Com Vítimas Feridas;Plena Noite;Crescente;Céu Claro;Simples;Não Informado;Não;2;0;1;0;1;0;1;2;-18.82149709;-39.90673788
263222.0;2020-01-16;quinta-feira;20:15:00;262.0;159.2;IBATIBA;Desobediência às normas de trânsito pelo condutor;Colisão traseira;Com Vítimas Feridas;Plena Noite;Decrescente;Nublado;Simples;Reta;Não;2;0;1;0;0;1;1;2;-20.23362208;-41.5053348
263137.0;2020-01-16;quinta-feira;13:10:00;482.0;133.8;DORES DO RIO PRETO;Falta de Atenção à Condução;Colisão com objeto estático;Com Vítimas Feridas;Pleno dia;Decrescente;Céu Claro;Simples;Curva;Não;1;0;1;0;0;0;1;1;-20.70929496;-41.8360877
263281.0;2020-01-17;sexta-feira;07:20:00;101.0;329;GUARAPARI;Velocidade Incompatível;Tombamento;Com Vítimas Feridas;Pleno dia;Crescente;Céu Claro;Simples;Curva;Não;1;0;1;0;0;0;1;1;-20.58543019;-40.49702183
263309.0;2020-01-17;sexta-feira;09:50:00;101.0;368;ICONHA;Agressão Externa;Capotamento;Com Vítimas Feridas;Pleno dia;Crescente;Garoa/Chuvisco;Simples;Curva;Não;1;0;1;0;0;0;1;1;-20.753749;-40.75894999