id;data_inversa;dia_semana;horario;br;km;municipio;causa_acidente;tipo_acidente;classificacao_acidente;fase_dia;sentido_via;condicao_metereologica;tipo_pista;tracado_via;uso_solo;pessoas;mortos;feridos_leves;feridos_graves;ilesos;ignorados;feridos;veiculos;latitude;longitude
263439.0;2020-01-17;sexta-feira;19:40:00;101.0;297.9;CARIACICA;Falta de Atenção à Condução;Engavetamento;Sem Vítimas;Plena Noite;Decrescente;Nublado;Múltipla;Não Informado;Sim;3;0;0;0;2;1;0;3;-20.34529844;-40.41026774
263463.0;2020-01-17;sexta-feira;21:20:00;101.0;277.9;SERRA;Falta de Atenção à Condução;Colisão transversal;Com Vítimas Feridas;Plena Noite;Decrescente;Céu Claro;Dupla;Retorno Regulamentado;Não;5;0;3;1;1;0;4;2;-20.21307738;-40.32125972
263262.0;2020-01-17;sexta-feira;05:00:00;101.0;440.6;MIMOSO DO SUL;Condutor Dormindo;Saída de leito carroçável;Sem Vítimas;Amanhecer;Decrescente;Nublado;Simples;Reta;Não;1;0;0;0;0;1;0;1;-21.07916157;-41.23373912
263397.0;2020-01-17;sexta-feira;17:00:00;101.0;360;ANCHIETA;Velocidade Incompatível;Saída de leito carroçável;Com Vítimas Feridas;Pleno dia;Crescente;Chuva;Simples;Curva;Não;2;0;2;0;0;0;2;1;-20.7043621;-40.71735486
263501.0;2020-01-18;sábado;05:18:00;101.0;294.8;CARIACICA;Condutor Dormindo;Colisão traseira;Com Vítimas Feridas;Amanhecer;Crescente;Céu Claro;Dupla;Reta;Sim;3;0;1;0;2;0;1;2;-20.32979389;-40.39883321
263606.0;2020-01-18;sábado;15:50:00;101.0;221;IBIRACU;Falta de Atenção à Condução;Colisão traseira;Com Vítimas Feridas;Pleno dia;Decrescente;Nublado;Simples;Reta;Não;3;0;0;1;2;0;1;3;-19.86695538;-40.40056491
263637.0;2020-01-18;sábado;17:30:00;482.0;71;JERONIMO MONTEIRO;Falta de Atenção à Condução;Colisão lateral;Com Vítimas Feridas;Amanhecer;Crescente;Céu Claro;Simples;Reta;Não;1;0;0;1;0;0;1;1;-20.79081412;-41.38810603
263638.0;2020-01-18;sábado;18:00:00;259.0;65.9;COLATINA;Desobediência às normas de trânsito pelo condutor;Colisão frontal;Com Vítimas Feridas;Anoitecer;Decrescente;Céu Claro;Simples;Reta;Não;2;0;2;0;0;0;2;2;-19.51944313;-40.71585905
263654.0;2020-01-18;sábado;20:10:00;101.0;97;JAGUARE;Falta de Atenção à Condução;Atropelamento de Animal;Com Vítimas Feridas;Plena Noite;Crescente;Céu Claro;Simples;Reta;Não;1;0;1;0;0;0;1;1;-18.95545999;-39.98367103
270314.0;2020-01-19;domingo;02:10:00;101.0;430.4;ATILIO VIVACQUA;Condutor Dormindo;Colisão frontal;Com Vítimas Feridas;Plena Noite;Crescente;Nublado;Simples;Reta;Não;2;0;1;1;0;0;2;2;-21.02621272;-41.17083734
263770.0;2020-01-19;domingo;09:45:00;101.0;392;RIO NOVO DO SUL;Carga excessiva e/ou mal acondicionada;Tombamento;Com Vítimas Feridas;Pleno dia;Crescente;Céu Claro;Simples;Curva;Não;1;0;1;0;0;0;1;1;-20.86733567;-40.90426608
263819.0;2020-01-19;domingo;14:44:00;101.0;292;CARIACICA;Desobediência às normas de trânsito pelo condutor;Queda de ocupante de veículo;Com Vítimas Feridas;Pleno dia;Decrescente;Céu Claro;Dupla;Reta;Sim;1;0;1;0;0;0;1;1;-20.30650512;-40.39488717
263895.0;2020-01-19;domingo;21:10:00;101.0;32.7;CONCEICAO DA BARRA;Desobediência às normas de trânsito pelo condutor;Colisão frontal;Com Vítimas Fatais;Plena Noite;Crescente;Nublado;Simples;Não Informado;Sim;5;1;0;4;0;0;4;2;-18.42549901;-39.93487006
263766.0;2020-01-19;domingo;08:00:00;262.0;2.2;CARIACICA;Ingestão de Álcool;Colisão lateral;Sem Vítimas;Pleno dia;Crescente;Sol;Dupla;Interseção de vias;Sim;3;0;0;0;3;0;0;2;-20.33275688;-40.36077696
263767.0;2020-01-19;domingo;09:55:00;262.0;1;CARIACICA;Defeito Mecânico no Veículo;Tombamento;Com Vítimas Feridas;Pleno dia;Decrescente;Céu Claro;Dupla;Reta;Sim;1;0;1;0;0;0;1;1;-20.32955204;-40.35492602
263950.0;2020-01-20;segunda-feira;05:05:00;262.0;6.2;CARIACICA;Falta de Atenção do Pedestre;Atropelamento de Pedestre;Com Vítimas Feridas;Pleno dia;Decrescente;Céu Claro;Múltipla;Reta;Sim;2;0;0;1;1;0;1;1;-20.34007493;-40.39451305
263965.0;2020-01-20;segunda-feira;07:40:00;101.0;292.5;CARIACICA;Falta de Atenção do Pedestre;Atropelamento de Pedestre;Com Vítimas Feridas;Pleno dia;Decrescente;Sol;Dupla;Curva;Sim;2;0;0;1;1;0;1;1;-20.30650512;-40.39488717
263968.0;2020-01-20;segunda-feira;07:10:00;101.0;296.4;CARIACICA;Falta de Atenção à Condução;Colisão lateral;Com Vítimas Feridas;Pleno dia;Decrescente;Nublado;Dupla;Viaduto;Sim;2;0;1;0;1;0;1;2;-20.34029997;-40.40405712
264052.0;2020-01-20;segunda-feira;13:30:00;262.0;157.6;IBATIBA;Defeito Mecânico no Veículo;Colisão traseira;Sem Vítimas;Pleno dia;Crescente;Nublado;Simples;Reta;Sim;3;0;0;0;3;0;0;2;-20.23102878;-41.48810903
264098.0;2020-01-20;segunda-feira;19:30:00;101.0;300.1;VIANA;Falta de Atenção à Condução;Tombamento;Com Vítimas Feridas;Plena Noite;Crescente;Nublado;Dupla;Reta;Sim;1;0;1;0;0;0;1;1;-20.358635;-40.432167
264204.0;2020-01-21;terça-feira;10:20:00;101.0;125;SOORETAMA;Falta de Atenção à Condução;Colisão traseira;Com Vítimas Feridas;Pleno dia;Crescente;Céu Claro;Simples;Reta;Sim;5;0;2;0;3;0;2;3;-19.18496498;-40.09429827
315775.0;2020-01-21;terça-feira;06:30:00;101.0;290;CARIACICA;Falta de Atenção à Condução;Colisão frontal;Com Vítimas Feridas;Pleno dia;Crescente;Céu Claro;Dupla;Reta;Sim;3;0;0;2;1;0;2;2;-20.28927747;-40.39181575
264143.0;2020-01-21;terça-feira;00:45:00;101.0;147.1;LINHARES;Desobediência às normas de trânsito pelo condutor;Colisão transversal;Sem Vítimas;Plena Noite;Crescente;Chuva;Múltipla;Não Informado;Sim;2;0;0;0;2;0;0;2;-19.37887202;-40.06657892
264292.0;2020-01-21;terça-feira;19:00:00;101.0;51.2;SAO MATEUS;Deficiência ou não Acionamento do Sistema de Iluminação/Sinalização do Veículo;Colisão traseira;Com Vítimas Feridas;Plena Noite;Decrescente;Chuva;Simples;Reta;Não;3;0;1;1;1;0;2;2;-18.59458104;-39.88970815
264271.0;2020-01-21;terça-feira;18:15:00;101.0;269.3;SERRA;Restrição de Visibilidade;Colisão transversal;Com Vítimas Feridas;Plena Noite;Decrescente;Chuva;Múltipla;Reta;Sim;2;0;2;0;0;0;2;2;-20.21740496;-40.26990578
264259.0;2020-01-21;terça-feira;17:20:00;101.0;297;VIANA;Pista Escorregadia;Queda de ocupante de veículo;Com Vítimas Feridas;Pleno dia;Decrescente;Chuva;Dupla;Reta;Sim;1;0;0;1;0;0;1;1;-20.34529844;-40.41026774
264254.0;2020-01-21;terça-feira;16:30:00;101.0;261;SERRA;Falta de Atenção à Condução;Engavetamento;Sem Vítimas;Pleno dia;Decrescente;Nublado;Simples;Reta;Não;4;0;0;0;4;0;0;4;-20.14854215;-40.27970926
264252.0;2020-01-21;terça-feira;16:30:00;101.0;256.8;SERRA;Falta de Atenção à Condução;Colisão com objeto estático;Com Vítimas Feridas;Pleno dia;Decrescente;Nublado;Dupla;Reta;Sim;3;0;0;1;0;2;1;1;-20.119123;-40.311005
264224.0;2020-01-21;terça-feira;11:34:00;101.0;260.6;SERRA;Falta de Atenção à Condução;Colisão frontal;Com Vítimas Fatais;Pleno dia;Decrescente;Nublado;Simples;Curva;Não;10;1;1;1;7;0;2;5;-20.146543;-40.282066
264207.0;2020-01-21;terça-feira;11:00:00;101.0;195;JOAO NEIVA;Defeito Mecânico no Veículo;Tombamento;Com Vítimas Feridas;Pleno dia;Decrescente;Nublado;Simples;Reta;Não;1;0;1;0;0;0;1;1;-19.70198612;-40.32193499
264283.0;2020-01-21;terça-feira;18:30:00;101.0;264.5;SERRA;Não guardar distância de segurança;Colisão traseira;Com Vítimas Feridas;Plena Noite;Decrescente;Chuva;Múltipla;Não Informado;Sim;4;0;2;0;2;0;2;2;-20.17292791;-40.26736384
264478.0;2020-01-22;quarta-feira;18:25:00;101.0;257;SERRA;Pista Escorregadia;Colisão com objeto estático;Sem Vítimas;Plena Noite;Decrescente;Chuva;Dupla;Reta;Não;1;0;0;0;0;1;0;1;-20.12455095;-40.30331881
264515.0;2020-01-22;quarta-feira;22:30:00;101.0;422.6;ATILIO VIVACQUA;Restrição de Visibilidade;Saída de leito carroçável;Com Vítimas Feridas;Plena Noite;Crescente;Chuva;Simples;Curva;Não;5;0;5;0;0;0;5;1;-20.96143961;-41.10294342
264531.0;2020-01-22;quarta-feira;15:30:00;101.0;38;CONCEICAO DA BARRA;Falta de Atenção à Condução;Queda de ocupante de veículo;Com Vítimas Feridas;Pleno dia;Decrescente;Céu Claro;Simples;Reta;Não;1;0;1;0;0;0;1;1;-18.48261;-39.92379
264461.0;2020-01-22;quarta-feira;16:50:00;101.0;137.6;LINHARES;Falta de Atenção à Condução;Queda de ocupante de veículo;Com Vítimas Feridas;Anoitecer;Decrescente;Céu Claro;Simples;Reta;Não;1;0;0;1;0;0;1;1;-19.29308199;-40.08591691
266182.0;2020-01-23;quinta-feira;08:10:00;101.0;387;RIO NOVO DO SUL;Falta de Atenção à Condução;Tombamento;Sem Vítimas;Amanhecer;Crescente;Nublado;Dupla;Curva;Não;1;0;0;0;1;0;0;1;-20.84937594;-40.87581007
264557.0;2020-01-23;quinta-feira;07:05:00;101.0;0.3;SERRA;Falta de Atenção à Condução;Colisão traseira;Com Vítimas Feridas;Pleno dia;Decrescente;Nublado;Múltipla;Interseção de vias;Sim;2;0;1;0;0;1;1;2;-20.23385175;-40.2750206
264574.0;2020-01-23;quinta-feira;09:20:00;101.0;102.8;SOORETAMA;Falta de Atenção à Condução;Colisão frontal;Com Vítimas Feridas;Pleno dia;Crescente;Céu Claro;Simples;Reta;Não;3;0;1;1;1;0;2;2;-18.99655669;-40.00319452
264533.0;2020-01-23;quinta-feira;00:00:00;101.0;145.9;LINHARES;Falta de Atenção à Condução;Tombamento;Com Vítimas Feridas;Plena Noite;Crescente;Nublado;Simples;Reta;Sim;1;0;1;0;0;0;1;1;-19.36089598;-40.06464018
264555.0;2020-01-23;quinta-feira;02:40:00;262.0;169;IBATIBA;Pista Escorregadia;Saída de leito carroçável;Com Vítimas Feridas;Plena Noite;Decrescente;Chuva;Simples;Curva;Não;1;0;1;0;0;0;1;1;-20.26441516;-41.57579944
264570.0;2020-01-23;quinta-feira;08:30:00;262.0;1.7;CARIACICA;Falta de Atenção à Condução;Colisão traseira;Com Vítimas Feridas;Pleno dia;Decrescente;Nublado;Múltipla;Reta;Sim;4;0;1;1;2;0;2;3;-20.32955204;-40.35492602
264551.0;2020-01-23;quinta-feira;04:50:00;262.0;168.9;IBATIBA;Ingestão de Álcool;Colisão com objeto estático;Sem Vítimas;Plena Noite;Crescente;Céu Claro;Simples;Reta;Não;2;0;0;0;2;0;0;2;-20.26473346;-41.57569885
264636.0;2020-01-23;quinta-feira;16:40:00;101.0;294.6;CARIACICA;Falta de Atenção à Condução;Colisão lateral;Com Vítimas Feridas;Pleno dia;Crescente;Céu Claro;Dupla;Reta;Sim;2;0;1;0;1;0;1;2;-20.32415948;-40.3952903
264583.0;2020-01-23;quinta-feira;10:00:00;482.0;57.2;JERONIMO MONTEIRO;Defeito Mecânico no Veículo;Incêndio;Sem Vítimas;Pleno dia;Crescente;Chuva;Simples;Reta;Não;1;0;0;0;1;0;0;1;-20.79022774;-41.34019818
264760.0;2020-01-24;sexta-feira;04:30:00;262.0;113;VENDA NOVA DO IMIGRANTE;Pista Escorregadia;Saída de leito carroçável;Sem Vítimas;Amanhecer;Decrescente;Chuva;Simples;Curva;Não;1;0;0;0;1;0;0;1;-20.33171889;-41.20453016
264865.0;2020-01-24;sexta-feira;17:00:00;101.0;144.7;LINHARES;Animais na Pista;Colisão lateral;Com Vítimas Feridas;Pleno dia;Decrescente;Chuva;Dupla;Reta;Não;1;0;1;0;0;0;1;1;-19.35188295;-40.0636685
264923.0;2020-01-25;sábado;01:20:00;447.0;12.5;VILA VELHA;Falta de Atenção à Condução;Colisão transversal;Com Vítimas Feridas;Plena Noite;Crescente;Chuva;Dupla;Reta;Sim;2;0;0;1;1;0;1;2;-20.35784325;-40.3328294
264984.0;2020-01-25;sábado;09:00:00;101.0;14.6;PEDRO CANARIO;Falta de Atenção do Pedestre;Atropelamento de Pedestre;Com Vítimas Feridas;Pleno dia;Decrescente;Nublado;Simples;Curva;Não;2;0;0;1;1;0;1;1;-18.28229192;-39.95687688
264951.0;2020-01-25;sábado;04:13:00;101.0;81;SAO MATEUS;Ingestão de Álcool;Capotamento;Com Vítimas Feridas;Plena Noite;Decrescente;Chuva;Simples;Reta;Não;2;0;2;0;0;0;2;1;-18.82882736;-39.91225653
265107.0;2020-01-25;sábado;22:00:00;101.0;284;CARIACICA;Falta de Atenção à Condução;Capotamento;Com Vítimas Feridas;Plena Noite;Decrescente;Chuva;Múltipla;Reta;Não;1;0;1;0;0;0;1;1;-20.24334991;-40.3696926
265280.0;2020-01-26;domingo;18:30:00;101.0;147;LINHARES;Desobediência às normas de trânsito pelo condutor;Colisão transversal;Com Vítimas Feridas;Anoitecer;Crescente;Céu Claro;Simples;Rotatória;Sim;3;0;1;0;2;0;1;2;-19.37887202;-40.06657892
265155.0;2020-01-26;domingo;02:55:00;101.0;149.2;LINHARES;Ingestão de Álcool;Colisão transversal;Sem Vítimas;Plena Noite;Crescente;Chuva;Dupla;Interseção de vias;Sim;2;0;0;0;2;0;0;2;-19.40009933;-40.06302953
265228.0;2020-01-26;domingo;13:20:00;262.0;145.9;IBATIBA;Animais na Pista;Atropelamento de Animal;Com Vítimas Feridas;Pleno dia;Crescente;Nublado;Simples;Reta;Não;1;0;1;0;0;0;1;1;-20.22946259;-41.4144659
265233.0;2020-01-26;domingo;13:40:00;101.0;296;CARIACICA;Falta de Atenção à Condução;Colisão lateral;Com Vítimas Feridas;Pleno dia;Crescente;Sol;Simples;Viaduto;Sim;3;0;2;0;0;1;2;2;-20.34358853;-40.407469
265244.0;2020-01-26;domingo;16:00:00;101.0;328.8;GUARAPARI;Defeito Mecânico no Veículo;Colisão com objeto estático;Com Vítimas Feridas;Pleno dia;Decrescente;Nublado;Simples;Reta;Não;5;0;3;0;2;0;3;1;-20.57963019;-40.4901487
265227.0;2020-01-26;domingo;13:40:00;101.0;293.8;CARIACICA;Falta de Atenção à Condução;Colisão lateral;Com Vítimas Feridas;Pleno dia;Crescente;Nublado;Múltipla;Retorno Regulamentado;Sim;3;0;1;1;1;0;2;2;-20.31526144;-40.39567044
265462.0;2020-01-27;segunda-feira;12:00:00;101.0;168;LINHARES;Falta de Atenção à Condução;Engavetamento;Com Vítimas Feridas;Pleno dia;Crescente;Céu Claro;Simples;Reta;Não;3;0;1;0;2;0;1;3;-19.53475892;-40.15759511
265553.0;2020-01-27;segunda-feira;20:55:00;101.0;288.5;CARIACICA;Defeito Mecânico no Veículo;Tombamento;Com Vítimas Feridas;Plena Noite;Decrescente;Chuva;Dupla;Reta;Sim;2;0;2;0;0;0;2;1;-20.27160351;-40.39091743
265549.0;2020-01-27;segunda-feira;20:00:00;101.0;291.9;CARIACICA;Falta de Atenção à Condução;Colisão traseira;Com Vítimas Feridas;Plena Noite;Decrescente;Chuva;Dupla;Reta;Sim;2;0;1;0;1;0;1;2;-20.29755744;-40.39445616
265492.0;2020-01-27;segunda-feira;15:40:00;101.0;43.8;SAO MATEUS;Pista Escorregadia;Colisão frontal;Com Vítimas Feridas;Pleno dia;Crescente;Chuva;Simples;Reta;Não;2;0;0;1;1;0;1;2;-18.52562495;-39.91069385
265660.0;2020-01-28;terça-feira;14:10:00;101.0;278.9;SERRA;Defeito na Via;Tombamento;Com Vítimas Feridas;Pleno dia;Crescente;Céu Claro;Dupla;Reta;Não;1;0;1;0;0;0;1;1;-20.21698365;-40.32974606
265635.0;2020-01-28;terça-feira;11:20:00;101.0;184;ARACRUZ;Falta de Atenção à Condução;Colisão traseira;Com Vítimas Feridas;Pleno dia;Crescente;Céu Claro;Simples;Não Informado;Não;4;0;2;0;1;1;2;3;-19.65524008;-40.23355674
265729.0;2020-01-28;terça-feira;21:15:00;101.0;109.7;SOORETAMA;Ingestão de Álcool;Colisão frontal;Com Vítimas Feridas;Plena Noite;Decrescente;Céu Claro;Simples;Reta;Não;2;0;2;0;0;0;2;2;-19.0539768;-40.0308224
265861.0;2020-01-29;quarta-feira;16:45:00;101.0;271;SERRA;Falta de Atenção à Condução;Colisão traseira;Com Vítimas Feridas;Pleno dia;Crescente;Nublado;Dupla;Reta;Sim;2;0;1;0;1;0;1;2;-20.23267;-40.27658
265899.0;2020-01-29;quarta-feira;19:45:00;101.0;166;LINHARES;Ingestão de Álcool;Colisão traseira;Com Vítimas Feridas;Plena Noite;Crescente;Céu Claro;Simples;Reta;Sim;2;0;1;0;1;0;1;2;-19.52077663;-40.14566638
265938.0;2020-01-29;quarta-feira;20:30:00;101.0;293;CARIACICA;Ingestão de Álcool;Queda de ocupante de veículo;Com Vítimas Feridas;Plena Noite;Decrescente;Céu Claro;Dupla;Reta;Sim;1;0;1;0;0;0;1;1;-20.31526144;-40.39567044
265927.0;2020-01-30;quinta-feira;00:00:00;101.0;293;CARIACICA;Velocidade Incompatível;Tombamento;Com Vítimas Feridas;Plena Noite;Decrescente;Céu Claro;Dupla;Reta;Não;1;0;0;1;0;0;1;1;-20.31526144;-40.39567044
266001.0;2020-01-30;quinta-feira;13:45:00;101.0;415;ITAPEMIRIM;Mal Súbito;Colisão lateral;Com Vítimas Feridas;Pleno dia;Crescente;Céu Claro;Simples;Reta;Não;3;0;0;1;2;0;1;3;-20.93222599;-41.0792708
266008.0;2020-01-30;quinta-feira;14:40:00;262.0;111.6;VENDA NOVA DO IMIGRANTE;Falta de Atenção à Condução;Colisão traseira;Com Vítimas Feridas;Pleno dia;Crescente;Céu Claro;Simples;Reta;Não;6;0;5;0;1;0;5;2;-20.33710625;-41.19042567
266067.0;2020-01-30;quinta-feira;21:15:00;101.0;253.7;SERRA;Desobediência às normas de trânsito pelo condutor;Colisão traseira;Com Vítimas Feridas;Plena Noite;Crescente;Céu Claro;Simples;Reta;Não;8;0;2;3;3;0;5;3;-20.10336754;-40.33383553
266090.0;2020-01-30;quinta-feira;18:20:00;101.0;296;CARIACICA;Animais na Pista;Queda de ocupante de veículo;Com Vítimas Feridas;Pleno dia;Decrescente;Céu Claro;Simples;Reta;Sim;1;0;1;0;0;0;1;1;-20.34029997;-40.40405712
266104.0;2020-01-31;sexta-feira;03:30:00;101.0;32;CONCEICAO DA BARRA;Falta de Atenção à Condução;Colisão lateral;Com Vítimas Feridas;Plena Noite;Crescente;Céu Claro;Simples;Não Informado;Sim;4;0;0;1;2;1;1;4;-18.43144665;-39.93401712
266207.0;2020-01-31;sexta-feira;17:23:00;101.0;298;VIANA;Desobediência às normas de trânsito pelo condutor;Colisão lateral;Com Vítimas Feridas;Pleno dia;Crescente;Céu Claro;Dupla;Interseção de vias;Sim;2;0;1;0;1;0;1;2;-20.35374444;-40.4156433
266378.0;2020-02-01;sábado;11:40:00;101.0;251;SERRA;Desobediência às normas de trânsito pelo condutor;Colisão transversal;Com Vítimas Feridas;Pleno dia;Crescente;Céu Claro;Simples;Reta;Sim;3;0;2;0;1;0;2;2;-20.0879949;-40.34351677
266321.0;2020-02-01;sábado;03:30:00;262.0;66;MARECHAL FLORIANO;Condutor Dormindo;Saída de leito carroçável;Com Vítimas Feridas;Plena Noite;Decrescente;Céu Claro;Simples;Reta;Não;3;0;2;1;0;0;3;1;-20.41561467;-40.86684776
266365.0;2020-02-01;sábado;11:00:00;447.0;12.4;VILA VELHA;Ingestão de Álcool;Capotamento;Com Vítimas Feridas;Pleno dia;Crescente;Sol;Dupla;Reta;Sim;1;0;1;0;0;0;1;1;-20.34993646;-40.33345374
266363.0;2020-02-01;sábado;08:50:00;101.0;68.3;SAO MATEUS;Velocidade Incompatível;Colisão traseira;Com Vítimas Feridas;Pleno dia;Decrescente;Sol;Múltipla;Não Informado;Sim;8;0;1;0;7;0;1;2;-18.726597;-39.85975
266507.0;2020-02-01;sábado;22:20:00;101.0;189;ARACRUZ;Desobediência às normas de trânsito pelo condutor;Colisão transversal;Com Vítimas Feridas;Plena Noite;Decrescente;Ignorado;Simples;Interseção de vias;Sim;7;0;4;2;1;0;6;2;-19.68134019;-40.27051885
266502.0;2020-02-01;sábado;21:50:00;101.0;395.4;RIO NOVO DO SUL;Desobediência às normas de trânsito pelo condutor;Colisão transversal;Com Vítimas Feridas;Plena Noite;Crescente;Céu Claro;Simples;Curva;Sim;2;0;0;1;0;1;1;2;-20.86594262;-40.93257592
266392.0;2020-02-01;sábado;12:45:00;101.0;292.5;CARIACICA;Falta de Atenção à Condução;Colisão com objeto estático;Com Vítimas Feridas;Pleno dia;Crescente;Céu Claro;Dupla;Reta;Sim;2;0;1;1;0;0;2;1;-20.30650512;-40.39488717
266556.0;2020-02-02;domingo;04:00:00;101.0;308;VIANA;Falta de Atenção à Condução;Tombamento;Com Vítimas Feridas;Plena Noite;Crescente;Céu Claro;Dupla;Reta;Não;2;0;0;2;0;0;2;1;-20.41326562;-40.45941442
266570.0;2020-02-02;domingo;03:40:00;101.0;141.9;LINHARES;Animais na Pista;Atropelamento de Animal;Com Vítimas Feridas;Plena Noite;Crescente;Céu Claro;Simples;Reta;Sim;4;0;1;0;2;1;1;1;-19.32655693;-40.07192387
266577.0;2020-02-02;domingo;08:30:00;101.0;54.2;SAO MATEUS;Falta de Atenção à Condução;Capotamento;Sem Vítimas;Pleno dia;Decrescente;Céu Claro;Simples;Desvio Temporário;Não;3;0;0;0;3;0;0;1;-18.62067908;-39.88189225
266598.0;2020-02-02;domingo;10:55:00;101.0;302.8;VIANA;Falta de Atenção à Condução;Colisão lateral;Com Vítimas Feridas;Pleno dia;Crescente;Céu Claro;Múltipla;Curva;Sim;6;0;0;1;5;0;1;2;-20.37556703;-40.44294834
266663.0;2020-02-02;domingo;17:00:00;259.0;25.6;COLATINA;Desobediência às normas de trânsito pelo condutor;Colisão traseira;Com Vítimas Feridas;Anoitecer;Crescente;Céu Claro;Simples;Reta;Não;6;0;2;0;3;1;2;3;-19.61861787;-40.48346043
266673.0;2020-02-02;domingo;18:10:00;262.0;56.2;MARECHAL FLORIANO;Desobediência às normas de trânsito pelo condutor;Colisão transversal;Com Vítimas Feridas;Anoitecer;Crescente;Céu Claro;Simples;Reta;Sim;4;0;1;0;3;0;1;2;-20.41088387;-40.75519403
266691.0;2020-02-02;domingo;19:10:00;101.0;267.9;SERRA;Ingestão de Álcool;Colisão traseira;Sem Vítimas;Plena Noite;Decrescente;Céu Claro;Múltipla;Reta;Sim;2;0;0;0;2;0;0;2;-20.20684127;-40.26942383
266745.0;2020-02-02;domingo;21:55:00;101.0;130.4;SOORETAMA;Falta de Atenção à Condução;Capotamento;Com Vítimas Fatais;Plena Noite;Crescente;Nublado;Simples;Reta;Não;2;1;1;0;0;0;1;1;-19.23438123;-40.09212278
266523.0;2020-02-02;domingo;00:30:00;101.0;230;FUNDAO;Ingestão de Álcool;Queda de ocupante de veículo;Com Vítimas Feridas;Plena Noite;Crescente;Céu Claro;Simples;Reta;Sim;3;0;2;0;1;0;2;2;-19.93558165;-40.40603211
266661.0;2020-02-02;domingo;17:40:00;101.0;438;MIMOSO DO SUL;Desobediência às normas de trânsito pelo pedestre;Colisão frontal;Com Vítimas Feridas;Anoitecer;Crescente;Céu Claro;Simples;Reta;Não;3;0;2;0;1;0;2;2;-21.06633614;-41.22124288
274328.0;2020-02-03;segunda-feira;18:00:00;101.0;147;LINHARES;Desobediência às normas de trânsito pelo condutor;Colisão traseira;Com Vítimas Feridas;Anoitecer;Decrescente;Céu Claro;Dupla;Reta;Sim;5;0;1;0;3;1;1;5;-19.37887202;-40.06657892
266830.0;2020-02-03;segunda-feira;06:30:00;262.0;29;VIANA;Falta de Atenção à Condução;Colisão com objeto estático;Com Vítimas Feridas;Pleno dia;Decrescente;Céu Claro;Simples;Curva;Não;1;0;0;1;0;0;1;1;-20.37585099;-40.56027297
266921.0;2020-02-03;segunda-feira;17:00:00;101.0;186.4;ARACRUZ;Não guardar distância de segurança;Colisão traseira;Com Vítimas Feridas;Pleno dia;Decrescente;Céu Claro;Simples;Não Informado;Não;3;0;2;0;1;0;2;2;-19.66488404;-40.24929498
266969.0;2020-02-03;segunda-feira;22:30:00;101.0;336;GUARAPARI;Falta de Atenção do Pedestre;Atropelamento de Pedestre;Com Vítimas Feridas;Plena Noite;Decrescente;Céu Claro;Simples;Desvio Temporário;Não;2;0;0;1;0;1;1;1;-20.62834446;-40.53656038
267066.0;2020-02-04;terça-feira;15:40:00;101.0;346.8;GUARAPARI;Falta de Atenção à Condução;Colisão traseira;Com Vítimas Feridas;Pleno dia;Decrescente;Céu Claro;Simples;Reta;Não;3;0;0;1;2;0;1;3;-20.6572762;-40.6175371
267070.0;2020-02-04;terça-feira;15:20:00;101.0;159;LINHARES;Desobediência às normas de trânsito pelo condutor;Colisão transversal;Com Vítimas Feridas;Pleno dia;Crescente;Céu Claro;Simples;Interseção de vias;Não;2;0;1;0;1;0;1;2;-19.4684012;-40.1102557
267103.0;2020-02-04;terça-feira;18:40:00;101.0;220.2;IBIRACU;Desobediência às normas de trânsito pelo condutor;Colisão transversal;Com Vítimas Feridas;Anoitecer;Crescente;Nublado;Simples;Reta;Não;3;0;0;2;1;0;2;2;-19.86379124;-40.39171492
267046.0;2020-02-04;terça-feira;07:40:00;101.0;11.3;PEDRO CANARIO;Defeito Mecânico no Veículo;Incêndio;Sem Vítimas;Pleno dia;Decrescente;Céu Claro;Simples;Desvio Temporário;Não;1;0;0;0;1;0;0;1;-18.25673398;-39.95472013
267033.0;2020-02-04;terça-feira;11:00:00;101.0;0.6;SERRA;Falta de Atenção à Condução;Colisão lateral;Com Vítimas Feridas;Pleno dia;Crescente;Sol;Múltipla;Reta;Sim;3;0;1;0;2;0;1;3;-20.24156269;-40.28064251
267053.0;2020-02-04;terça-feira;13:15:00;482.0;80;ALEGRE;Não guardar distância de segurança;Colisão traseira;Com Vítimas Feridas;Pleno dia;Crescente;Céu Claro;Simples;Reta;Não;3;0;1;0;2;0;1;2;-20.76443281;-41.50872507