id;data_inversa;dia_semana;horario;br;km;municipio;causa_acidente;tipo_acidente;classificacao_acidente;fase_dia;sentido_via;condicao_metereologica;tipo_pista;tracado_via;uso_solo;pessoas;mortos;feridos_leves;feridos_graves;ilesos;ignorados;feridos;veiculos;latitude;longitude
286648.0;2020-05-27;quarta-feira;14:00:00;101.0;260;SERRA;Ingestão de Álcool;Colisão frontal;Sem Vítimas;Pleno dia;Crescente;Sol;Dupla;Desvio Temporário;Sim;3;0;0;0;3;0;0;3;-20.14616415;-40.28836206
286795.0;2020-05-28;quinta-feira;11:30:00;262.0;106;VENDA NOVA DO IMIGRANTE;Desobediência às normas de trânsito pelo condutor;Colisão transversal;Com Vítimas Feridas;Pleno dia;Decrescente;Sol;Simples;Rotatória;Sim;3;0;0;1;2;0;1;3;-20.32620639;-41.14442285
286849.0;2020-05-28;quinta-feira;17:30:00;101.0;299;VIANA;Animais na Pista;Atropelamento de Animal;Com Vítimas Feridas;Anoitecer;Decrescente;Céu Claro;Múltipla;Reta;Sim;1;0;1;0;0;0;1;1;-20.35841798;-40.4254818
286843.0;2020-05-28;quinta-feira;16:40:00;101.0;265.6;SERRA;Falta de Atenção à Condução;Colisão lateral;Com Vítimas Feridas;Anoitecer;Decrescente;Céu Claro;Múltipla;Reta;Sim;2;0;0;1;1;0;1;2;-20.18839925;-40.26823109
286833.0;2020-05-28;quinta-feira;16:15:00;101.0;66;SAO MATEUS;Falta de Atenção à Condução;Colisão transversal;Com Vítimas Feridas;Pleno dia;Crescente;Céu Claro;Simples;Reta;Sim;3;0;1;0;2;0;1;2;-18.7165195;-39.87436378
286784.0;2020-05-28;quinta-feira;09:45:00;101.0;146;LINHARES;Falta de Atenção à Condução;Colisão traseira;Com Vítimas Feridas;Pleno dia;Crescente;Céu Claro;Múltipla;Reta;Não;2;0;1;0;1;0;1;2;-19.36990998;-40.06560718
286786.0;2020-05-28;quinta-feira;07:45:00;101.0;211;IBIRACU;Falta de Atenção à Condução;Colisão lateral;Sem Vítimas;Pleno dia;Crescente;Céu Claro;Simples;Reta;Sim;2;0;0;0;2;0;0;2;-19.80700903;-40.36767233
287055.0;2020-05-29;sexta-feira;20:25:00;101.0;270.1;SERRA;Falta de Atenção à Condução;Colisão lateral;Com Vítimas Feridas;Plena Noite;Decrescente;Céu Claro;Dupla;Reta;Sim;3;0;2;0;1;0;2;2;-20.22662056;-40.27075088
287014.0;2020-05-29;sexta-feira;17:25:00;262.0;18.9;VIANA;Desobediência às normas de trânsito pelo condutor;Colisão transversal;Com Vítimas Feridas;Anoitecer;Decrescente;Céu Claro;Simples;Reta;Sim;3;0;2;0;1;0;2;2;-20.39137228;-40.48080285
287001.0;2020-05-29;sexta-feira;16:45:00;101.0;127;SOORETAMA;Desobediência às normas de trânsito pelo condutor;Colisão lateral;Com Vítimas Feridas;Pleno dia;Crescente;Céu Claro;Simples;Reta;Sim;3;0;2;0;1;0;2;2;-19.202898;-40.095524
286997.0;2020-05-29;sexta-feira;15:30:00;101.0;292;CARIACICA;Falta de Atenção à Condução;Colisão traseira;Com Vítimas Feridas;Pleno dia;Decrescente;Céu Claro;Dupla;Reta;Não;2;0;1;0;0;1;1;2;-20.30650512;-40.39488717
286942.0;2020-05-29;sexta-feira;08:55:00;262.0;32.7;DOMINGOS MARTINS;Falta de Atenção à Condução;Saída de leito carroçável;Com Vítimas Feridas;Pleno dia;Decrescente;Céu Claro;Simples;Reta;Não;2;0;1;0;1;0;1;1;-20.37885575;-40.577728
287053.0;2020-05-29;sexta-feira;19:40:00;101.0;290.8;CARIACICA;Falta de Atenção à Condução;Tombamento;Com Vítimas Feridas;Plena Noite;Decrescente;Céu Claro;Dupla;Reta;Sim;2;0;1;0;0;1;1;2;-20.28927747;-40.39181575
287202.0;2020-05-30;sábado;17:55:00;101.0;10;PEDRO CANARIO;Avarias e/ou desgaste excessivo no pneu;Colisão com objeto estático;Com Vítimas Feridas;Plena Noite;Crescente;Nublado;Simples;Curva;Não;5;0;1;0;4;0;1;1;-18.24799301;-39.95343802
287125.0;2020-05-30;sábado;10:10:00;101.0;285.8;CARIACICA;Não guardar distância de segurança;Colisão traseira;Com Vítimas Feridas;Pleno dia;Crescente;Céu Claro;Dupla;Não Informado;Sim;3;0;1;0;1;1;1;2;-20.25713211;-40.37705275
287151.0;2020-05-30;sábado;13:08:00;262.0;27.2;VIANA;Falta de Atenção à Condução;Colisão frontal;Com Vítimas Feridas;Pleno dia;Crescente;Céu Claro;Simples;Não Informado;Não;6;0;2;2;1;1;4;2;-20.38398959;-40.55226465
287196.0;2020-05-30;sábado;16:40:00;101.0;277.8;SERRA;Falta de Atenção à Condução;Saída de leito carroçável;Sem Vítimas;Anoitecer;Decrescente;Céu Claro;Dupla;Curva;Não;1;0;0;0;0;1;0;1;-20.21307738;-40.32125972
287210.0;2020-05-30;sábado;18:30:00;101.0;177;ARACRUZ;Falta de Atenção à Condução;Colisão transversal;Com Vítimas Feridas;Plena Noite;Crescente;Céu Claro;Simples;Reta;Sim;4;0;1;0;3;0;1;2;-19.602874;-40.203264
287236.0;2020-05-30;sábado;19:30:00;101.0;266.5;SERRA;Falta de Atenção à Condução;Capotamento;Com Vítimas Feridas;Plena Noite;Decrescente;Céu Claro;Dupla;Reta;Sim;2;0;1;1;0;0;2;1;-20.190199;-40.26828891
287418.0;2020-05-31;domingo;18:50:00;101.0;332;GUARAPARI;Agressão Externa;Queda de ocupante de veículo;Com Vítimas Feridas;Plena Noite;Crescente;Céu Claro;Dupla;Reta;Não;1;0;0;1;0;0;1;1;-20.60724162;-40.50889326
287421.0;2020-05-31;domingo;18:40:00;101.0;429.8;ITAPEMIRIM;Desobediência às normas de trânsito pelo condutor;Colisão lateral;Com Vítimas Feridas;Anoitecer;Decrescente;Céu Claro;Simples;Reta;Não;2;0;1;0;1;0;1;2;-21.0256572;-41.15890984
287452.0;2020-05-31;domingo;20:35:00;101.0;35.3;CONCEICAO DA BARRA;Velocidade Incompatível;Colisão traseira;Com Vítimas Feridas;Plena Noite;Decrescente;Céu Claro;Simples;Reta;Não;2;0;0;1;1;0;1;2;-18.45416994;-39.9307555
287456.0;2020-05-31;domingo;21:15:00;101.0;292;CARIACICA;Falta de Atenção à Condução;Colisão com objeto estático;Sem Vítimas;Plena Noite;Crescente;Céu Claro;Dupla;Curva;Sim;1;0;0;0;1;0;0;1;-20.30650512;-40.39488717
287484.0;2020-05-31;domingo;22:50:00;101.0;167.7;LINHARES;Condutor Dormindo;Colisão traseira;Com Vítimas Feridas;Plena Noite;Decrescente;Céu Claro;Simples;Reta;Não;3;0;0;2;1;0;2;2;-19.52734804;-40.15218496
287394.0;2020-05-31;domingo;17:35:00;101.0;67;SAO MATEUS;Desobediência às normas de trânsito pelo condutor;Colisão traseira;Com Vítimas Feridas;Plena Noite;Crescente;Céu Claro;Simples;Reta;Sim;3;0;0;1;1;1;1;2;-18.72054021;-39.8658931
287301.0;2020-05-31;domingo;03:35:00;101.0;66;SAO MATEUS;Ingestão de Álcool;Atropelamento de Pedestre;Com Vítimas Fatais;Plena Noite;Crescente;Céu Claro;Dupla;Reta;Sim;4;1;0;2;1;0;2;2;-18.7165195;-39.87436378
287338.0;2020-05-31;domingo;10:15:00;101.0;183;ARACRUZ;Velocidade Incompatível;Colisão frontal;Com Vítimas Fatais;Pleno dia;Crescente;Céu Claro;Simples;Curva;Não;6;2;2;1;1;0;3;2;-19.64708421;-40.23286555
287359.0;2020-05-31;domingo;10:30:00;262.0;180.3;IBATIBA;Velocidade Incompatível;Saída de leito carroçável;Com Vítimas Feridas;Pleno dia;Decrescente;Sol;Simples;Curva;Não;1;0;0;1;0;0;1;1;-20.29210047;-41.66992112
290369.0;2020-05-31;domingo;09:30:00;262.0;63.9;DOMINGOS MARTINS;Falta de Atenção à Condução;Saída de leito carroçável;Com Vítimas Feridas;Pleno dia;Crescente;Nublado;Simples;Curva;Não;1;0;0;1;0;0;1;1;-20.41708495;-40.81390664
287417.0;2020-05-31;domingo;18:30:00;101.0;230;FUNDAO;Falta de Atenção do Pedestre;Atropelamento de Pedestre;Com Vítimas Feridas;Plena Noite;Crescente;Céu Claro;Dupla;Reta;Sim;2;0;1;0;0;1;1;1;-19.93558165;-40.40603211
288898.0;2020-06-01;segunda-feira;13:45:00;262.0;24.6;VIANA;Velocidade Incompatível;Colisão frontal;Com Vítimas Feridas;Pleno dia;Crescente;Céu Claro;Simples;Reta;Não;3;0;1;2;0;0;3;2;-20.37917648;-40.52624613
287517.0;2020-06-01;segunda-feira;04:40:00;101.0;296;CARIACICA;Falta de Atenção à Condução;Colisão com objeto estático;Sem Vítimas;Plena Noite;Crescente;Céu Claro;Múltipla;Não Informado;Sim;1;0;0;0;0;1;0;1;-20.34029997;-40.40405712
287659.0;2020-06-01;segunda-feira;21:50:00;101.0;264;SERRA;Velocidade Incompatível;Colisão lateral;Com Vítimas Feridas;Plena Noite;Decrescente;Céu Claro;Múltipla;Reta;Não;2;0;0;1;0;1;1;2;-20.17645615;-40.26595289
287547.0;2020-06-01;segunda-feira;09:15:00;101.0;265.5;SERRA;Velocidade Incompatível;Colisão transversal;Com Vítimas Feridas;Pleno dia;Decrescente;Céu Claro;Simples;Não Informado;Sim;2;0;1;0;1;0;1;2;-20.1816849;-40.26536036
287562.0;2020-06-01;segunda-feira;11:20:00;101.0;269.5;SERRA;Desobediência às normas de trânsito pelo condutor;Colisão transversal;Com Vítimas Feridas;Pleno dia;Decrescente;Sol;Múltipla;Interseção de vias;Sim;3;0;0;2;1;0;2;2;-20.22180139;-40.27005315
287604.0;2020-06-01;segunda-feira;16:15:00;101.0;296;CARIACICA;Desobediência às normas de trânsito pelo condutor;Colisão com objeto estático;Com Vítimas Feridas;Pleno dia;Crescente;Céu Claro;Dupla;Curva;Sim;1;0;1;0;0;0;1;1;-20.34029997;-40.40405712
287619.0;2020-06-01;segunda-feira;18:00:00;262.0;180;IRUPI;Falta de Atenção à Condução;Tombamento;Com Vítimas Feridas;Anoitecer;Crescente;Céu Claro;Simples;Reta;Não;1;0;1;0;0;0;1;1;-20.29210047;-41.66992112
287637.0;2020-06-01;segunda-feira;18:30:00;259.0;53.6;COLATINA;Desobediência às normas de trânsito pelo condutor;Colisão lateral;Com Vítimas Feridas;Plena Noite;Crescente;Céu Claro;Simples;Reta;Não;2;0;1;0;0;1;1;2;-19.49989886;-40.62939795
287624.0;2020-06-01;segunda-feira;15:00:00;101.0;17.9;PEDRO CANARIO;Defeito Mecânico no Veículo;Colisão com objeto estático;Sem Vítimas;Pleno dia;Decrescente;Céu Claro;Simples;Ponte;Não;1;0;0;0;1;0;0;1;-18.31055;-39.95516
287702.0;2020-06-02;terça-feira;08:50:00;101.0;260.8;SERRA;Falta de Atenção à Condução;Colisão lateral;Com Vítimas Feridas;Pleno dia;Crescente;Céu Claro;Simples;Curva;Sim;3;0;1;0;2;0;1;2;-20.14616415;-40.28836206
287762.0;2020-06-02;terça-feira;13:30:00;101.0;270;SERRA;Não guardar distância de segurança;Colisão traseira;Com Vítimas Feridas;Pleno dia;Decrescente;Sol;Múltipla;Reta;Não;2;0;0;1;1;0;1;2;-20.22662056;-40.27075088
287805.0;2020-06-02;terça-feira;16:20:00;482.0;99.8;GUACUI;Falta de Atenção à Condução;Saída de leito carroçável;Com Vítimas Feridas;Pleno dia;Decrescente;Sol;Simples;Não Informado;Não;1;0;1;0;0;0;1;1;-20.77486441;-41.63040519
287721.0;2020-06-02;terça-feira;10:30:00;101.0;267.9;SERRA;Mal Súbito;Colisão traseira;Com Vítimas Feridas;Pleno dia;Decrescente;Céu Claro;Múltipla;Reta;Sim;2;0;0;1;1;0;1;2;-20.19930999;-40.26884609
287924.0;2020-06-03;quarta-feira;12:30:00;101.0;270;SERRA;Desobediência às normas de trânsito pelo condutor;Colisão lateral;Com Vítimas Feridas;Pleno dia;Crescente;Sol;Dupla;Reta;Sim;1;0;0;1;0;0;1;1;-20.22662056;-40.27075088
287889.0;2020-06-03;quarta-feira;08:20:00;101.0;25;CONCEICAO DA BARRA;Falta de Atenção à Condução;Colisão frontal;Com Vítimas Fatais;Pleno dia;Crescente;Nublado;Simples;Reta;Sim;2;1;0;0;1;0;0;2;-18.36739611;-39.95084729
287886.0;2020-06-03;quarta-feira;08:00:00;101.0;326;GUARAPARI;Falta de Atenção à Condução;Queda de ocupante de veículo;Com Vítimas Feridas;Pleno dia;Decrescente;Céu Claro;Dupla;Reta;Não;2;0;0;2;0;0;2;1;-20.56370802;-40.48167095
287876.0;2020-06-03;quarta-feira;06:45:00;259.0;56;COLATINA;Falta de Atenção à Condução;Colisão com objeto estático;Com Vítimas Feridas;Pleno dia;Crescente;Céu Claro;Simples;Não Informado;Não;2;0;2;0;0;0;2;1;-19.50128488;-40.65265414
289875.0;2020-06-03;quarta-feira;22:45:00;262.0;1.3;CARIACICA;Ingestão de Álcool;Tombamento;Com Vítimas Feridas;Plena Noite;Crescente;Céu Claro;Dupla;Curva;Sim;1;0;0;1;0;0;1;1;-20.32955204;-40.35492602
291394.0;2020-06-04;quinta-feira;10:25:00;101.0;368.6;ANCHIETA;Velocidade Incompatível;Tombamento;Com Vítimas Feridas;Pleno dia;Crescente;Céu Claro;Simples;Curva;Não;3;0;0;1;0;2;1;1;-20.753749;-40.75894999
288083.0;2020-06-04;quinta-feira;13:35:00;393.0;0.5;CACHOEIRO DE ITAPEMIRIM;Mal Súbito;Colisão lateral;Com Vítimas Feridas;Pleno dia;Crescente;Sol;Simples;Reta;Sim;2;0;1;0;1;0;1;2;-20.841324;-41.15929
288150.0;2020-06-04;quinta-feira;20:03:00;101.0;294.7;CARIACICA;Ingestão de Álcool;Colisão traseira;Com Vítimas Feridas;Plena Noite;Decrescente;Céu Claro;Dupla;Reta;Sim;3;0;1;0;2;0;1;3;-20.32415948;-40.3952903
288125.0;2020-06-04;quinta-feira;18:00:00;101.0;94.3;JAGUARE;Falta de Atenção do Pedestre;Atropelamento de Pedestre;Com Vítimas Feridas;Plena Noite;Decrescente;Céu Claro;Simples;Desvio Temporário;Sim;2;0;0;1;1;0;1;1;-18.93086484;-39.97180828
288118.0;2020-06-04;quinta-feira;17:30:00;101.0;64;SAO MATEUS;Falta de Atenção à Condução;Colisão lateral;Com Vítimas Feridas;Plena Noite;Decrescente;Céu Claro;Simples;Reta;Sim;2;0;1;0;1;0;1;2;-18.71430092;-39.87744212
288117.0;2020-06-04;quinta-feira;17:30:00;259.0;55;COLATINA;Defeito Mecânico no Veículo;Tombamento;Com Vítimas Feridas;Anoitecer;Crescente;Céu Claro;Simples;Reta;Sim;2;0;2;0;0;0;2;1;-19.49728877;-40.64565003
288210.0;2020-06-04;quinta-feira;10:50:00;101.0;380.1;ICONHA;Falta de Atenção à Condução;Colisão transversal;Com Vítimas Feridas;Pleno dia;Decrescente;Céu Claro;Simples;Reta;Não;2;0;1;0;1;0;1;2;-20.80767317;-40.83488482
288065.0;2020-06-04;quinta-feira;11:15:00;101.0;293.7;CARIACICA;Desobediência às normas de trânsito pelo condutor;Colisão transversal;Com Vítimas Feridas;Pleno dia;Decrescente;Sol;Dupla;Não Informado;Sim;3;0;1;1;0;1;2;2;-20.31526144;-40.39567044
288039.0;2020-06-04;quinta-feira;08:50:00;101.0;341.9;GUARAPARI;Falta de Atenção à Condução;Saída de leito carroçável;Com Vítimas Feridas;Pleno dia;Decrescente;Céu Claro;Simples;Reta;Não;1;0;1;0;0;0;1;1;-20.65278033;-40.57410974
288007.0;2020-06-04;quinta-feira;05:25:00;101.0;65.5;SAO MATEUS;Falta de Atenção à Condução;Colisão traseira;Com Vítimas Feridas;Amanhecer;Decrescente;Céu Claro;Simples;Reta;Não;1;0;1;0;0;0;1;1;-18.70935945;-39.87762087
288216.0;2020-06-05;sexta-feira;06:50:00;101.0;1.2;SERRA;Velocidade Incompatível;Tombamento;Com Vítimas Feridas;Pleno dia;Crescente;Nublado;Dupla;Reta;Não;1;0;0;1;0;0;1;1;-20.25047106;-40.28646827
288208.0;2020-06-05;sexta-feira;06:20:00;101.0;443.8;MIMOSO DO SUL;Ultrapassagem Indevida;Colisão lateral;Com Vítimas Feridas;Amanhecer;Crescente;Céu Claro;Simples;Curva;Não;6;0;2;0;4;0;2;2;-21.09789425;-41.25305078
298479.0;2020-06-05;sexta-feira;18:00:00;101.0;145;LINHARES;Falta de Atenção à Condução;Colisão traseira;Com Vítimas Feridas;Plena Noite;Crescente;Céu Claro;Dupla;Reta;Sim;2;0;1;0;1;0;1;2;-19.38224725;-40.06696701
288206.0;2020-06-05;sexta-feira;05:50:00;101.0;234;FUNDAO;Falta de Atenção à Condução;Queda de ocupante de veículo;Com Vítimas Feridas;Amanhecer;Decrescente;Céu Claro;Simples;Reta;Não;1;0;1;0;0;0;1;1;-19.96973516;-40.40766379
288386.0;2020-06-06;sábado;00:40:00;101.0;1.3;SERRA;Velocidade Incompatível;Colisão traseira;Com Vítimas Feridas;Plena Noite;Decrescente;Céu Claro;Dupla;Reta;Sim;3;0;0;3;0;0;3;2;-20.24425586;-40.28221076
288547.0;2020-06-06;sábado;20:15:00;101.0;267.8;SERRA;Não guardar distância de segurança;Colisão traseira;Com Vítimas Feridas;Plena Noite;Crescente;Chuva;Múltipla;Reta;Sim;8;0;2;0;6;0;2;4;-20.19930999;-40.26884609
288546.0;2020-06-06;sábado;19:45:00;101.0;172.8;ARACRUZ;Falta de Atenção do Pedestre;Atropelamento de Pedestre;Com Vítimas Fatais;Plena Noite;Decrescente;Céu Claro;Simples;Reta;Não;3;1;1;0;1;0;1;1;-19.57126424;-40.18338561
288517.0;2020-06-06;sábado;17:20:00;262.0;159.7;IBATIBA;Falta de Atenção à Condução;Colisão lateral;Com Vítimas Feridas;Anoitecer;Crescente;Nublado;Múltipla;Reta;Sim;2;0;1;0;1;0;1;2;-20.23719387;-41.51085377
288512.0;2020-06-06;sábado;17:00:00;101.0;156.9;LINHARES;Falta de Atenção à Condução;Colisão frontal;Com Vítimas Feridas;Pleno dia;Crescente;Nublado;Simples;Reta;Não;4;0;4;0;0;0;4;2;-19.44596035;-40.09435048
288487.0;2020-06-06;sábado;13:40:00;262.0;34;DOMINGOS MARTINS;Avarias e/ou desgaste excessivo no pneu;Colisão frontal;Com Vítimas Feridas;Pleno dia;Crescente;Céu Claro;Simples;Curva;Não;3;0;1;0;2;0;1;2;-20.37309781;-40.5917608
288478.0;2020-06-06;sábado;13:00:00;101.0;94;JAGUARE;Ingestão de Álcool;Atropelamento de Pedestre;Com Vítimas Feridas;Pleno dia;Decrescente;Céu Claro;Simples;Reta;Sim;2;0;1;0;0;1;1;1;-18.93086484;-39.97180828
288392.0;2020-06-06;sábado;01:55:00;262.0;104.7;VENDA NOVA DO IMIGRANTE;Desobediência às normas de trânsito pelo condutor;Colisão transversal;Com Vítimas Feridas;Plena Noite;Crescente;Nublado;Simples;Rotatória;Sim;5;0;3;0;1;1;3;2;-20.33302593;-41.12931881
288717.0;2020-06-07;domingo;17:05:00;101.0;186.8;ARACRUZ;Ingestão de Álcool;Saída de leito carroçável;Com Vítimas Feridas;Anoitecer;Crescente;Nublado;Simples;Curva;Não;1;0;1;0;0;0;1;1;-19.66488404;-40.24929498
288756.0;2020-06-07;domingo;19:00:00;101.0;376;ICONHA;Falta de Atenção à Condução;Queda de ocupante de veículo;Com Vítimas Feridas;Plena Noite;Decrescente;Céu Claro;Simples;Reta;Não;1;0;1;0;0;0;1;1;-20.79013351;-40.80343867
288706.0;2020-06-07;domingo;17:00:00;101.0;66.3;SAO MATEUS;Falta de Atenção à Condução;Colisão traseira;Com Vítimas Feridas;Anoitecer;Crescente;Céu Claro;Simples;Reta;Sim;3;0;1;0;2;0;1;2;-18.7165195;-39.87436378
288700.0;2020-06-07;domingo;16:20:00;393.0;13.3;MUQUI;Ingestão de Álcool;Colisão transversal;Com Vítimas Feridas;Pleno dia;Crescente;Céu Claro;Simples;Reta;Não;3;0;1;1;1;0;2;2;-20.86836097;-41.25854402
288683.0;2020-06-07;domingo;14:40:00;101.0;257.9;SERRA;Ingestão de Álcool;Engavetamento;Com Vítimas Feridas;Pleno dia;Crescente;Nublado;Dupla;Reta;Sim;4;0;2;1;1;0;3;3;-20.12455095;-40.30331881
288722.0;2020-06-07;domingo;17:00:00;482.0;65;JERONIMO MONTEIRO;Falta de Atenção à Condução;Queda de ocupante de veículo;Com Vítimas Feridas;Pleno dia;Decrescente;Ignorado;Simples;Reta;Sim;2;0;1;0;0;1;1;2;-20.79537324;-41.40497918
288741.0;2020-06-07;domingo;20:00:00;101.0;253.8;SERRA;Ultrapassagem Indevida;Colisão lateral;Com Vítimas Feridas;Plena Noite;Crescente;Céu Claro;Simples;Reta;Sim;2;0;1;0;0;1;1;2;-20.10336754;-40.33383553
290319.0;2020-06-08;segunda-feira;19:00:00;262.0;67;MARECHAL FLORIANO;Desobediência às normas de trânsito pelo condutor;Derramamento de carga;Sem Vítimas;Plena Noite;Decrescente;Céu Claro;Simples;Curva;Não;1;0;0;0;1;0;0;1;-20.41874314;-40.81666235
288821.0;2020-06-08;segunda-feira;06:00:00;101.0;124;LINHARES;Desobediência às normas de trânsito pelo pedestre;Atropelamento de Pedestre;Com Vítimas Feridas;Pleno dia;Decrescente;Céu Claro;Simples;Reta;Sim;2;0;1;1;0;0;2;1;-19.17652792;-40.09118118
288887.0;2020-06-08;segunda-feira;13:30:00;101.0;264.3;SERRA;Desobediência às normas de trânsito pelo condutor;Colisão transversal;Com Vítimas Feridas;Pleno dia;Decrescente;Céu Claro;Dupla;Interseção de vias;Sim;2;0;0;1;1;0;1;2;-20.17292791;-40.26736384
288895.0;2020-06-08;segunda-feira;13:10:00;101.0;267.8;SERRA;Falta de Atenção à Condução;Colisão transversal;Com Vítimas Feridas;Pleno dia;Crescente;Nublado;Múltipla;Retorno Regulamentado;Sim;4;0;1;1;0;2;2;2;-20.207;-40.27
288986.0;2020-06-08;segunda-feira;21:45:00;101.0;268.8;SERRA;Ingestão de Álcool;Colisão com objeto estático;Sem Vítimas;Plena Noite;Decrescente;Céu Claro;Dupla;Reta;Sim;1;0;0;0;1;0;0;1;-20.21496082;-40.26974386
288899.0;2020-06-08;segunda-feira;13:45:00;101.0;329.8;GUARAPARI;Falta de Atenção à Condução;Colisão traseira;Com Vítimas Feridas;Pleno dia;Decrescente;Céu Claro;Dupla;Reta;Não;3;0;1;0;0;2;1;3;-20.58543019;-40.49702183
288902.0;2020-06-08;segunda-feira;13:30:00;101.0;293.2;CARIACICA;Falta de Atenção à Condução;Colisão transversal;Sem Vítimas;Pleno dia;Decrescente;Céu Claro;Dupla;Reta;Sim;2;0;0;0;2;0;0;2;-20.31526144;-40.39567044
288905.0;2020-06-08;segunda-feira;14:10:00;101.0;402.7;ITAPEMIRIM;Mal Súbito;Saída de leito carroçável;Com Vítimas Feridas;Pleno dia;Crescente;Céu Claro;Simples;Curva;Não;1;0;1;0;0;0;1;1;-20.88914562;-40.99003988
288921.0;2020-06-08;segunda-feira;15:00:00;101.0;305;VIANA;Ingestão de Álcool;Colisão com objeto estático;Sem Vítimas;Pleno dia;Decrescente;Céu Claro;Dupla;Curva;Não;1;0;0;0;1;0;0;1;-20.38392;-40.461254
288931.0;2020-06-08;segunda-feira;16:30:00;101.0;147;LINHARES;Falta de Atenção à Condução;Engavetamento;Com Vítimas Feridas;Pleno dia;Decrescente;Céu Claro;Dupla;Reta;Sim;5;0;1;0;4;0;1;4;-19.37887202;-40.06657892
288969.0;2020-06-08;segunda-feira;19:33:00;101.0;268;SERRA;Falta de Atenção à Condução;Colisão traseira;Com Vítimas Feridas;Plena Noite;Crescente;Céu Claro;Simples;Reta;Sim;3;0;0;1;2;0;1;2;-20.21373205;-40.26975811
289041.0;2020-06-09;terça-feira;10:00:00;262.0;4;CARIACICA;Não guardar distância de segurança;Colisão traseira;Sem Vítimas;Pleno dia;Crescente;Céu Claro;Dupla;Reta;Sim;3;0;0;0;3;0;0;2;-20.33609327;-40.37812784
289139.0;2020-06-09;terça-feira;19:55:00;101.0;137;LINHARES;Ingestão de Álcool;Saída de leito carroçável;Sem Vítimas;Plena Noite;Decrescente;Céu Claro;Simples;Curva;Não;1;0;0;0;1;0;0;1;-19.29308199;-40.08591691
289004.0;2020-06-09;terça-feira;01:20:00;101.0;460.2;MIMOSO DO SUL;Falta de Atenção à Condução;Saída de leito carroçável;Com Vítimas Feridas;Plena Noite;Crescente;Céu Claro;Simples;Curva;Não;1;0;1;0;0;0;1;1;-21.2185408;-41.30194187
289285.0;2020-06-10;quarta-feira;14:00:00;101.0;128.9;LINHARES;Velocidade Incompatível;Colisão transversal;Com Vítimas Feridas;Pleno dia;Crescente;Sol;Simples;Interseção de vias;Sim;2;0;0;1;1;0;1;2;-19.21191395;-40.09457556
289196.0;2020-06-10;quarta-feira;09:56:00;101.0;330.9;GUARAPARI;Velocidade Incompatível;Tombamento;Sem Vítimas;Pleno dia;Decrescente;Sol;Dupla;Curva;Não;1;0;0;0;1;0;0;1;-20.60356499;-40.50236464
289275.0;2020-06-10;quarta-feira;14:40:00;262.0;75.1;MARECHAL FLORIANO;Condutor Dormindo;Saída de leito carroçável;Com Vítimas Feridas;Pleno dia;Decrescente;Céu Claro;Simples;Reta;Sim;1;0;1;0;0;0;1;1;-20.41504648;-40.90256283
289280.0;2020-06-10;quarta-feira;13:45:00;101.0;302.5;VIANA;Falta de Atenção à Condução;Colisão lateral;Com Vítimas Feridas;Pleno dia;Crescente;Nublado;Dupla;Curva;Sim;2;0;1;0;1;0;1;2;-20.36958283;-40.44384551
289311.0;2020-06-10;quarta-feira;18:20:00;101.0;292;CARIACICA;Falta de Atenção à Condução;Colisão lateral;Com Vítimas Feridas;Plena Noite;Decrescente;Céu Claro;Dupla;Reta;Sim;2;0;0;2;0;0;2;2;-20.30650512;-40.39488717
289339.0;2020-06-10;quarta-feira;18:20:00;262.0;171.5;IBATIBA;Desobediência às normas de trânsito pelo condutor;Colisão frontal;Com Vítimas Feridas;Plena Noite;Crescente;Céu Claro;Simples;Curva;Não;2;0;0;1;1;0;1;2;-20.26348543;-41.59732819
289406.0;2020-06-10;quarta-feira;18:20:00;101.0;75;SAO MATEUS;Falta de Atenção à Condução;Colisão lateral;Com Vítimas Feridas;Plena Noite;Crescente;Céu Claro;Simples;Reta;Não;2;0;1;0;1;0;1;2;-18.78487912;-39.87911084
289440.0;2020-06-11;quinta-feira;09:00:00;101.0;117;SOORETAMA;Mal Súbito;Saída de leito carroçável;Com Vítimas Feridas;Pleno dia;Decrescente;Céu Claro;Simples;Reta;Não;1;0;1;0;0;0;1;1;-19.11932808;-40.06302982
289431.0;2020-06-11;quinta-feira;10:30:00;101.0;282.5;CARIACICA;Desobediência às normas de trânsito pelo condutor;Colisão frontal;Com Vítimas Feridas;Pleno dia;Crescente;Sol;Múltipla;Curva;Não;2;0;0;1;1;0;1;2;-20.23083107;-40.36711049