id;data_inversa;dia_semana;horario;br;km;municipio;causa_acidente;tipo_acidente;classificacao_acidente;fase_dia;sentido_via;condicao_metereologica;tipo_pista;tracado_via;uso_solo;pessoas;mortos;feridos_leves;feridos_graves;ilesos;ignorados;feridos;veiculos;latitude;longitude
292083.0;2020-06-26;sexta-feira;17:35:00;101.0;252.8;SERRA;Desobediência às normas de trânsito pelo condutor;Colisão transversal;Com Vítimas Feridas;Anoitecer;Crescente;Céu Claro;Simples;Reta;Não;2;0;1;0;1;0;1;2;-20.09618209;-40.33951217
291993.0;2020-06-26;sexta-feira;06:50:00;262.0;160.7;IBATIBA;Falta de Atenção à Condução;Colisão transversal;Com Vítimas Feridas;Amanhecer;Crescente;Nevoeiro/Neblina;Simples;Curva;Não;2;0;1;0;1;0;1;2;-20.23736307;-41.51380101
292000.0;2020-06-26;sexta-feira;06:50:00;101.0;142.6;LINHARES;Falta de Atenção à Condução;Colisão com objeto estático;Com Vítimas Feridas;Pleno dia;Crescente;Céu Claro;Dupla;Reta;Sim;2;0;2;0;0;0;2;1;-19.33458987;-40.06755477
292086.0;2020-06-26;sexta-feira;18:15:00;101.0;288.3;CARIACICA;Desobediência às normas de trânsito pelo condutor;Colisão traseira;Com Vítimas Feridas;Anoitecer;Crescente;Céu Claro;Dupla;Retorno Regulamentado;Sim;3;0;2;0;1;0;2;3;-20.27160351;-40.39091743
292007.0;2020-06-26;sexta-feira;07:05:00;101.0;268;SERRA;Falta de Atenção à Condução;Colisão lateral;Com Vítimas Feridas;Pleno dia;Crescente;Céu Claro;Dupla;Reta;Sim;2;0;1;0;1;0;1;2;-20.20842;-40.269405
292065.0;2020-06-26;sexta-feira;15:20:00;101.0;144.7;LINHARES;Falta de Atenção à Condução;Colisão traseira;Com Vítimas Feridas;Pleno dia;Crescente;Céu Claro;Múltipla;Reta;Não;2;0;1;0;1;0;1;2;-19.35902393;-40.06463349
292263.0;2020-06-27;sábado;12:00:00;101.0;283.9;CARIACICA;Ingestão de Álcool;Colisão lateral;Com Vítimas Feridas;Pleno dia;Decrescente;Céu Claro;Dupla;Não Informado;Sim;2;0;1;0;1;0;1;2;-20.23438373;-40.3693577
292335.0;2020-06-27;sábado;20:15:00;262.0;30.4;DOMINGOS MARTINS;Falta de Atenção à Condução;Colisão frontal;Com Vítimas Fatais;Plena Noite;Decrescente;Céu Claro;Simples;Curva;Não;3;1;0;0;2;0;0;3;-20.37451095;-40.56495316
292331.0;2020-06-27;sábado;19:25:00;262.0;184;IUNA;Falta de Atenção à Condução;Colisão transversal;Com Vítimas Feridas;Plena Noite;Crescente;Céu Claro;Simples;Reta;Não;2;0;0;1;1;0;1;2;-20.29551627;-41.70587605
292465.0;2020-06-28;domingo;17:45:00;101.0;123;SOORETAMA;Restrição de Visibilidade;Queda de ocupante de veículo;Com Vítimas Feridas;Plena Noite;Crescente;Céu Claro;Simples;Reta;Não;2;0;2;0;0;0;2;1;-19.16834502;-40.08717096
292391.0;2020-06-28;domingo;07:30:00;482.0;105;GUACUI;Falta de Atenção à Condução;Tombamento;Com Vítimas Feridas;Amanhecer;Decrescente;Nublado;Simples;Reta;Não;1;0;1;0;0;0;1;1;-20.777433;-41.66744
292517.0;2020-06-28;domingo;20:50:00;262.0;4;CARIACICA;Falta de Atenção do Pedestre;Atropelamento de Pedestre;Com Vítimas Feridas;Plena Noite;Crescente;Nublado;Múltipla;Reta;Sim;2;0;0;2;0;0;2;1;-20.33609327;-40.37812784
292466.0;2020-06-28;domingo;17:50:00;393.0;12.9;CACHOEIRO DE ITAPEMIRIM;Falta de Atenção à Condução;Colisão frontal;Com Vítimas Feridas;Anoitecer;Crescente;Nublado;Simples;Reta;Não;5;0;4;1;0;0;5;2;-20.85990407;-41.25197191
292675.0;2020-06-29;segunda-feira;18:30:00;101.0;255.7;SERRA;Falta de Atenção à Condução;Colisão transversal;Sem Vítimas;Plena Noite;Crescente;Chuva;Simples;Reta;Sim;2;0;0;0;1;1;0;2;-20.11487935;-40.31943619
292579.0;2020-06-29;segunda-feira;08:00:00;101.0;294.5;VIANA;Não guardar distância de segurança;Colisão traseira;Com Vítimas Feridas;Pleno dia;Decrescente;Chuva;Dupla;Reta;Sim;2;0;1;0;1;0;1;2;-20.44228675;-40.44204712
292598.0;2020-06-29;segunda-feira;09:10:00;262.0;52;MARECHAL FLORIANO;Falta de Atenção à Condução;Colisão transversal;Com Vítimas Feridas;Pleno dia;Decrescente;Chuva;Simples;Reta;Não;4;0;2;1;1;0;3;2;-20.41363499;-40.723665
292621.0;2020-06-29;segunda-feira;07:10:00;101.0;401;CACHOEIRO DE ITAPEMIRIM;Velocidade Incompatível;Saída de leito carroçável;Com Vítimas Feridas;Pleno dia;Decrescente;Chuva;Simples;Curva;Não;1;0;1;0;0;0;1;1;-20.88555512;-40.98236676
292669.0;2020-06-29;segunda-feira;18:35:00;101.0;265;SERRA;Pista Escorregadia;Colisão com objeto estático;Sem Vítimas;Plena Noite;Crescente;Chuva;Múltipla;Reta;Sim;1;0;0;0;0;1;0;1;-20.1816849;-40.26536036
292799.0;2020-06-30;terça-feira;16:15:00;101.0;267.7;SERRA;Falta de Atenção à Condução;Queda de ocupante de veículo;Com Vítimas Feridas;Anoitecer;Crescente;Céu Claro;Múltipla;Reta;Sim;1;0;0;1;0;0;1;1;-20.19930999;-40.26884609
292718.0;2020-06-30;terça-feira;05:20:00;101.0;70;SAO MATEUS;Falta de Atenção à Condução;Colisão lateral;Com Vítimas Feridas;Amanhecer;Crescente;Nublado;Simples;Reta;Não;4;0;3;0;1;0;3;2;-18.74453703;-39.86164665
292738.0;2020-06-30;terça-feira;08:40:00;101.0;0.7;SERRA;Falta de Atenção à Condução;Colisão lateral;Com Vítimas Feridas;Pleno dia;Crescente;Nublado;Dupla;Reta;Sim;2;0;1;0;1;0;1;2;-20.129093;-40.308125
292722.0;2020-06-30;terça-feira;06:30:00;262.0;136.5;MUNIZ FREIRE;Velocidade Incompatível;Colisão lateral;Com Vítimas Feridas;Pleno dia;Crescente;Céu Claro;Simples;Curva;Não;2;0;0;1;1;0;1;2;-20.24110613;-41.33884311
292726.0;2020-06-30;terça-feira;05:30:00;101.0;267;SERRA;Falta de Atenção à Condução;Queda de ocupante de veículo;Com Vítimas Feridas;Pleno dia;Decrescente;Nublado;Múltipla;Reta;Sim;2;0;1;0;1;0;1;1;-20.19930999;-40.26884609
292769.0;2020-06-30;terça-feira;13:20:00;101.0;261;SERRA;Falta de Atenção à Condução;Queda de ocupante de veículo;Com Vítimas Feridas;Pleno dia;Decrescente;Céu Claro;Simples;Reta;Não;1;0;1;0;0;0;1;1;-20.14854215;-40.27970926
292857.0;2020-06-30;terça-feira;23:00:00;101.0;266.3;SERRA;Ingestão de Álcool;Colisão com objeto estático;Sem Vítimas;Plena Noite;Crescente;Nublado;Múltipla;Interseção de vias;Sim;1;0;0;0;0;1;0;1;-20.190199;-40.26828891
292854.0;2020-06-30;terça-feira;22:15:00;101.0;254.3;SERRA;Falta de Atenção à Condução;Saída de leito carroçável;Com Vítimas Feridas;Plena Noite;Decrescente;Nublado;Simples;Reta;Sim;1;0;1;0;0;0;1;1;-20.1100364;-40.32740141
292807.0;2020-06-30;terça-feira;17:15:00;262.0;110.9;VENDA NOVA DO IMIGRANTE;Falta de Atenção à Condução;Colisão lateral;Com Vítimas Feridas;Anoitecer;Crescente;Nublado;Múltipla;Reta;Sim;3;0;2;0;0;1;2;2;-20.33700161;-41.18971825
292919.0;2020-07-01;quarta-feira;12:20:00;101.0;68.3;SAO MATEUS;Desobediência às normas de trânsito pelo condutor;Colisão transversal;Com Vítimas Feridas;Pleno dia;Crescente;Céu Claro;Dupla;Rotatória;Não;2;0;1;0;1;0;1;2;-18.726597;-39.85975
293050.0;2020-07-01;quarta-feira;23:50:00;259.0;15.6;JOAO NEIVA;Velocidade Incompatível;Tombamento;Com Vítimas Feridas;Plena Noite;Decrescente;Céu Claro;Simples;Curva;Não;1;0;1;0;0;0;1;1;-19.65668001;-40.423168
306822.0;2020-07-01;quarta-feira;21:30:00;262.0;135.7;BREJETUBA;Ultrapassagem Indevida;Colisão com objeto em movimento;Com Vítimas Feridas;Plena Noite;Crescente;Céu Claro;Simples;Reta;Não;6;0;1;1;4;0;2;5;-20.23413938;-41.3495028
292876.0;2020-07-01;quarta-feira;07:20:00;101.0;269.5;SERRA;Falta de Atenção à Condução;Colisão lateral;Com Vítimas Feridas;Pleno dia;Decrescente;Céu Claro;Dupla;Reta;Sim;3;0;1;0;2;0;1;3;-20.21740496;-40.26990578
292939.0;2020-07-01;quarta-feira;16:10:00;101.0;151;LINHARES;Não guardar distância de segurança;Queda de ocupante de veículo;Com Vítimas Feridas;Pleno dia;Crescente;Sol;Simples;Curva;Não;2;0;2;0;0;0;2;1;-19.41156656;-40.06592463
292953.0;2020-07-01;quarta-feira;17:35:00;101.0;36;CONCEICAO DA BARRA;Condutor Dormindo;Colisão frontal;Com Vítimas Feridas;Anoitecer;Crescente;Céu Claro;Simples;Curva;Não;11;0;3;1;7;0;4;2;-18.46388405;-39.92935329
292962.0;2020-07-01;quarta-feira;18:50:00;101.0;146;LINHARES;Falta de Atenção à Condução;Colisão traseira;Com Vítimas Feridas;Anoitecer;Decrescente;Céu Claro;Dupla;Reta;Sim;2;0;1;0;1;0;1;2;-19.36990998;-40.06560718
292993.0;2020-07-01;quarta-feira;22:00:00;101.0;159;LINHARES;Falta de Atenção do Pedestre;Atropelamento de Pedestre;Com Vítimas Fatais;Plena Noite;Crescente;Céu Claro;Simples;Reta;Não;2;1;0;0;1;0;0;1;-19.4684012;-40.1102557
293036.0;2020-07-02;quinta-feira;08:10:00;101.0;291.9;CARIACICA;Falta de Atenção à Condução;Colisão transversal;Com Vítimas Feridas;Pleno dia;Crescente;Céu Claro;Dupla;Não Informado;Não;2;0;1;0;1;0;1;2;-20.29755744;-40.39445616
293082.0;2020-07-02;quinta-feira;15:40:00;101.0;269;SERRA;Não guardar distância de segurança;Colisão traseira;Com Vítimas Feridas;Pleno dia;Decrescente;Nublado;Dupla;Reta;Sim;2;0;1;0;1;0;1;2;-20.21740496;-40.26990578
293154.0;2020-07-02;quinta-feira;22:10:00;101.0;264.8;SERRA;Falta de Atenção à Condução;Colisão transversal;Com Vítimas Feridas;Plena Noite;Crescente;Nublado;Dupla;Retorno Regulamentado;Sim;3;0;0;1;1;1;1;2;-20.17292791;-40.26736384
293349.0;2020-07-03;sexta-feira;22:00:00;101.0;407.9;ITAPEMIRIM;Condutor Dormindo;Saída de leito carroçável;Com Vítimas Feridas;Plena Noite;Crescente;Céu Claro;Simples;Curva;Não;1;0;0;1;0;0;1;1;-20.89278975;-41.03049296
293176.0;2020-07-03;sexta-feira;03:35:00;101.0;389.2;RIO NOVO DO SUL;Fenômenos da Natureza;Saída de leito carroçável;Sem Vítimas;Plena Noite;Decrescente;Chuva;Simples;Curva;Não;6;0;0;0;6;0;0;1;-20.86419642;-40.88105332
293222.0;2020-07-03;sexta-feira;09:00:00;101.0;260;SERRA;Pista Escorregadia;Colisão frontal;Com Vítimas Feridas;Pleno dia;Crescente;Chuva;Simples;Curva;Não;3;0;1;2;0;0;3;2;-20.14616415;-40.28836206
293296.0;2020-07-03;sexta-feira;17:30:00;262.0;91;DOMINGOS MARTINS;Falta de Atenção à Condução;Tombamento;Com Vítimas Feridas;Anoitecer;Crescente;Céu Claro;Simples;Reta;Não;2;0;1;0;0;1;1;2;-20.37841035;-41.03346335
293328.0;2020-07-03;sexta-feira;19:14:00;101.0;161.2;LINHARES;Desobediência às normas de trânsito pelo condutor;Colisão transversal;Com Vítimas Fatais;Plena Noite;Decrescente;Céu Claro;Simples;Reta;Não;2;1;0;0;0;1;0;2;-19.485493;-40.121865
293303.0;2020-07-03;sexta-feira;17:50:00;101.0;145.3;LINHARES;Falta de Atenção do Pedestre;Atropelamento de Pedestre;Com Vítimas Fatais;Plena Noite;Decrescente;Céu Claro;Simples;Reta;Sim;2;1;0;1;0;0;1;1;-19.36089598;-40.06464018
293313.0;2020-07-03;sexta-feira;17:50:00;101.0;204.6;JOAO NEIVA;Desobediência às normas de trânsito pelo condutor;Colisão transversal;Com Vítimas Feridas;Anoitecer;Decrescente;Céu Claro;Simples;Interseção de vias;Sim;3;0;1;0;2;0;1;2;-19.74948916;-40.37922678
293340.0;2020-07-03;sexta-feira;21:20:00;262.0;108.7;VENDA NOVA DO IMIGRANTE;Ingestão de Álcool;Colisão lateral;Sem Vítimas;Plena Noite;Crescente;Chuva;Simples;Reta;Não;2;0;0;0;2;0;0;2;-20.33360896;-41.16233002
293324.0;2020-07-03;sexta-feira;19:25:00;101.0;249.9;SERRA;Ultrapassagem Indevida;Colisão frontal;Com Vítimas Feridas;Plena Noite;Decrescente;Nublado;Simples;Curva;Não;5;0;0;2;3;0;2;2;-20.07371936;-40.35345531
293501.0;2020-07-04;sábado;18:20:00;101.0;142;LINHARES;Falta de Atenção à Condução;Colisão lateral;Com Vítimas Feridas;Plena Noite;Crescente;Céu Claro;Simples;Reta;Sim;3;0;2;0;1;0;2;3;-19.33458987;-40.06755477
293575.0;2020-07-04;sábado;22:00:00;262.0;35.7;DOMINGOS MARTINS;Ingestão de Álcool;Capotamento;Com Vítimas Feridas;Plena Noite;Decrescente;Nublado;Simples;Reta;Não;2;0;0;1;1;0;1;1;-20.38002181;-40.5951714
293546.0;2020-07-04;sábado;20:00:00;482.0;95;GUACUI;Falta de Atenção à Condução;Colisão transversal;Com Vítimas Feridas;Plena Noite;Crescente;Nublado;Simples;Interseção de vias;Sim;1;0;1;0;0;0;1;1;-20.763521;-41.5916
293526.0;2020-07-04;sábado;19:20:00;101.0;162;LINHARES;Ingestão de Álcool;Saída de leito carroçável;Sem Vítimas;Plena Noite;Crescente;Céu Claro;Simples;Reta;Não;1;0;0;0;1;0;0;1;-19.49015283;-40.12624024
293456.0;2020-07-04;sábado;13:45:00;101.0;66.1;SAO MATEUS;Falta de Atenção à Condução;Colisão traseira;Com Vítimas Feridas;Pleno dia;Decrescente;Céu Claro;Múltipla;Reta;Sim;2;0;1;0;1;0;1;2;-18.7165195;-39.87436378
293452.0;2020-07-04;sábado;12:50:00;101.0;220.1;IBIRACU;Falta de Atenção à Condução;Queda de ocupante de veículo;Com Vítimas Feridas;Pleno dia;Decrescente;Céu Claro;Simples;Reta;Não;1;0;1;0;0;0;1;1;-19.86379124;-40.39171492
293443.0;2020-07-04;sábado;12:30:00;262.0;48.9;MARECHAL FLORIANO;Falta de Atenção à Condução;Saída de leito carroçável;Com Vítimas Feridas;Pleno dia;Crescente;Nublado;Simples;Curva;Sim;3;0;2;0;0;1;2;2;-20.41192401;-40.68856
293397.0;2020-07-04;sábado;07:40:00;262.0;2.1;CARIACICA;Falta de Atenção à Condução;Tombamento;Com Vítimas Feridas;Pleno dia;Decrescente;Nublado;Dupla;Reta;Sim;1;0;1;0;0;0;1;1;-20.33275688;-40.36077696
293393.0;2020-07-04;sábado;04:00:00;262.0;158;IBATIBA;Defeito Mecânico no Veículo;Incêndio;Sem Vítimas;Plena Noite;Crescente;Céu Claro;Simples;Reta;Não;1;0;0;0;1;0;0;1;-20.23111383;-41.49626094
293707.0;2020-07-05;domingo;18:30:00;101.0;142;LINHARES;Desobediência às normas de trânsito pelo condutor;Colisão traseira;Com Vítimas Feridas;Plena Noite;Decrescente;Céu Claro;Simples;Reta;Sim;2;0;0;1;1;0;1;2;-19.33458987;-40.06755477
293717.0;2020-07-05;domingo;18:30:00;101.0;31.9;CONCEICAO DA BARRA;Desobediência às normas de trânsito pelo condutor;Colisão frontal;Com Vítimas Fatais;Plena Noite;Crescente;Céu Claro;Simples;Desvio Temporário;Não;2;1;0;0;0;1;0;2;-18.41695394;-39.93608555
293762.0;2020-07-05;domingo;18:30:00;101.0;31.9;CONCEICAO DA BARRA;Ingestão de Álcool;Colisão com objeto estático;Com Vítimas Feridas;Plena Noite;Decrescente;Céu Claro;Simples;Desvio Temporário;Sim;1;0;1;0;0;0;1;1;-18.41695394;-39.93608555
293636.0;2020-07-05;domingo;07:09:00;262.0;50.3;MARECHAL FLORIANO;Defeito Mecânico no Veículo;Colisão frontal;Com Vítimas Feridas;Pleno dia;Crescente;Chuva;Simples;Curva;Não;6;0;5;0;1;0;5;2;-20.41596382;-40.70793986
293699.0;2020-07-05;domingo;13:30:00;262.0;3.8;CARIACICA;Não guardar distância de segurança;Colisão traseira;Com Vítimas Feridas;Pleno dia;Decrescente;Nublado;Múltipla;Rotatória;Sim;2;0;1;0;1;0;1;2;-20.33374432;-40.36910933
293881.0;2020-07-06;segunda-feira;12:02:00;101.0;149.2;LINHARES;Falta de Atenção à Condução;Colisão transversal;Com Vítimas Feridas;Pleno dia;Decrescente;Céu Claro;Dupla;Interseção de vias;Sim;2;0;1;0;1;0;1;2;-19.39619083;-40.06435871
293793.0;2020-07-06;segunda-feira;05:50:00;101.0;296;CARIACICA;Falta de Atenção à Condução;Colisão transversal;Com Vítimas Feridas;Amanhecer;Decrescente;Céu Claro;Múltipla;Viaduto;Sim;2;0;1;0;0;1;1;2;-20.34029997;-40.40405712
293884.0;2020-07-06;segunda-feira;12:45:00;262.0;32.2;DOMINGOS MARTINS;Pista Escorregadia;Queda de ocupante de veículo;Com Vítimas Feridas;Pleno dia;Crescente;Céu Claro;Simples;Curva;Não;1;0;0;1;0;0;1;1;-20.37885575;-40.577728
293906.0;2020-07-06;segunda-feira;13:00:00;262.0;35;DOMINGOS MARTINS;Não guardar distância de segurança;Colisão lateral;Sem Vítimas;Pleno dia;Crescente;Sol;Simples;Reta;Não;2;0;0;0;1;1;0;2;-20.38002181;-40.5951714
294086.0;2020-07-07;terça-feira;17:00:00;262.0;4.6;CARIACICA;Falta de Atenção à Condução;Colisão lateral;Com Vítimas Feridas;Pleno dia;Crescente;Céu Claro;Dupla;Reta;Sim;2;0;1;0;1;0;1;2;-20.33609327;-40.37812784
294022.0;2020-07-07;terça-feira;09:10:00;262.0;7;CARIACICA;Avarias e/ou desgaste excessivo no pneu;Colisão traseira;Com Vítimas Feridas;Pleno dia;Crescente;Céu Claro;Dupla;Viaduto;Sim;2;0;1;0;1;0;1;2;-20.34283738;-40.40434616
294073.0;2020-07-07;terça-feira;15:30:00;101.0;292.1;CARIACICA;Falta de Atenção à Condução;Colisão transversal;Com Vítimas Feridas;Pleno dia;Crescente;Sol;Dupla;Reta;Não;4;0;1;0;3;0;1;2;-20.30650512;-40.39488717
294097.0;2020-07-07;terça-feira;17:45:00;101.0;257.5;SERRA;Desobediência às normas de trânsito pelo condutor;Colisão transversal;Com Vítimas Feridas;Anoitecer;Decrescente;Céu Claro;Dupla;Não Informado;Sim;2;0;1;0;1;0;1;2;-20.12455095;-40.30331881
294173.0;2020-07-08;quarta-feira;07:40:00;101.0;264.2;SERRA;Desobediência às normas de trânsito pelo condutor;Colisão transversal;Com Vítimas Feridas;Pleno dia;Crescente;Céu Claro;Múltipla;Não Informado;Sim;2;0;1;0;0;1;1;2;-20.17292791;-40.26736384
294187.0;2020-07-08;quarta-feira;06:30:00;101.0;433.8;ATILIO VIVACQUA;Ingestão de Álcool;Colisão com objeto estático;Com Vítimas Feridas;Amanhecer;Crescente;Nevoeiro/Neblina;Simples;Reta;Não;1;0;1;0;0;0;1;1;-21.04218499;-41.18389907
294208.0;2020-07-08;quarta-feira;11:30:00;101.0;149;LINHARES;Desobediência às normas de trânsito pelo condutor;Colisão transversal;Com Vítimas Feridas;Pleno dia;Decrescente;Céu Claro;Dupla;Interseção de vias;Sim;2;0;0;1;1;0;1;2;-19.39890394;-40.0627369
294211.0;2020-07-08;quarta-feira;10:15:00;482.0;90.7;ALEGRE;Falta de Atenção à Condução;Colisão com objeto estático;Com Vítimas Feridas;Pleno dia;Crescente;Céu Claro;Simples;Curva;Não;1;0;1;0;0;0;1;1;-20.76062426;-41.56211411
294246.0;2020-07-08;quarta-feira;16:55:00;101.0;298;VIANA;Falta de Atenção à Condução;Colisão traseira;Com Vítimas Feridas;Anoitecer;Decrescente;Céu Claro;Múltipla;Reta;Sim;2;0;2;0;0;0;2;2;-20.35374444;-40.4156433
294308.0;2020-07-08;quarta-feira;19:30:00;101.0;142;LINHARES;Falta de Atenção à Condução;Colisão lateral;Com Vítimas Feridas;Plena Noite;Decrescente;Céu Claro;Simples;Reta;Sim;2;0;1;0;1;0;1;2;-19.33458987;-40.06755477
294417.0;2020-07-09;quinta-feira;17:15:00;101.0;140;LINHARES;Desobediência às normas de trânsito pelo condutor;Saída de leito carroçável;Com Vítimas Feridas;Anoitecer;Crescente;Céu Claro;Simples;Reta;Sim;1;0;1;0;0;0;1;1;-19.31817306;-40.07552313
294422.0;2020-07-09;quinta-feira;17:20:00;101.0;270;SERRA;Falta de Atenção do Pedestre;Atropelamento de Pedestre;Com Vítimas Feridas;Pleno dia;Crescente;Sol;Dupla;Reta;Sim;2;0;0;1;1;0;1;1;-20.22662056;-40.27075088
294446.0;2020-07-09;quinta-feira;19:00:00;101.0;95.3;JAGUARE;Defeito Mecânico no Veículo;Colisão traseira;Com Vítimas Feridas;Plena Noite;Crescente;Nublado;Simples;Reta;Não;2;0;1;0;1;0;1;2;-18.93905359;-39.97576585
294462.0;2020-07-09;quinta-feira;19:45:00;101.0;93;JAGUARE;Ultrapassagem Indevida;Colisão frontal;Com Vítimas Fatais;Plena Noite;Crescente;Céu Claro;Simples;Não Informado;Sim;2;1;0;0;1;0;0;2;-18.92266916;-39.96785068
294465.0;2020-07-09;quinta-feira;20:30:00;101.0;147;LINHARES;Desobediência às normas de trânsito pelo condutor;Colisão lateral;Com Vítimas Feridas;Anoitecer;Decrescente;Nublado;Dupla;Reta;Não;4;0;0;2;2;0;2;2;-19.37887202;-40.06657892
294402.0;2020-07-09;quinta-feira;13:55:00;101.0;261.5;SERRA;Falta de Atenção à Condução;Colisão lateral;Sem Vítimas;Pleno dia;Decrescente;Sol;Dupla;Reta;Sim;2;0;0;0;1;1;0;2;-20.14854215;-40.27970926
295228.0;2020-07-09;quinta-feira;12:45:00;262.0;6.1;CARIACICA;Falta de Atenção à Condução;Colisão traseira;Com Vítimas Feridas;Pleno dia;Decrescente;Céu Claro;Múltipla;Reta;Sim;2;0;1;0;1;0;1;2;-20.34154413;-40.39642995
294349.0;2020-07-09;quinta-feira;07:00:00;101.0;267;SERRA;Falta de Atenção à Condução;Colisão lateral;Com Vítimas Feridas;Pleno dia;Crescente;Céu Claro;Múltipla;Interseção de vias;Sim;3;0;0;2;1;0;2;2;-20.19930999;-40.26884609
294407.0;2020-07-09;quinta-feira;16:25:00;101.0;37.7;CONCEICAO DA BARRA;Falta de Atenção à Condução;Colisão transversal;Com Vítimas Feridas;Pleno dia;Decrescente;Céu Claro;Simples;Rotatória;Não;3;0;1;0;2;0;1;2;-18.47895781;-39.92534637
294695.0;2020-07-10;sexta-feira;23:40:00;262.0;3.8;CARIACICA;Desobediência às normas de trânsito pelo condutor;Colisão transversal;Com Vítimas Feridas;Plena Noite;Crescente;Céu Claro;Múltipla;Interseção de vias;Sim;3;0;1;0;1;1;1;2;-20.33374432;-40.36910933
294676.0;2020-07-10;sexta-feira;20:10:00;484.0;100;AFONSO CLAUDIO;Ingestão de Álcool;Queda de ocupante de veículo;Com Vítimas Fatais;Plena Noite;Decrescente;Céu Claro;Simples;Curva;Não;1;1;0;0;0;0;0;1;-20.0342384;-41.036554
294624.0;2020-07-10;sexta-feira;18:00:00;101.0;286;CARIACICA;Avarias e/ou desgaste excessivo no pneu;Tombamento;Com Vítimas Feridas;Plena Noite;Crescente;Céu Claro;Dupla;Reta;Não;2;0;2;0;0;0;2;1;-20.25902175;-40.37753412
294628.0;2020-07-10;sexta-feira;17:30:00;262.0;142.4;MUNIZ FREIRE;Falta de Atenção à Condução;Colisão transversal;Sem Vítimas;Plena Noite;Decrescente;Céu Claro;Simples;Reta;Não;2;0;0;0;2;0;0;2;-20.22866414;-41.38595101
294607.0;2020-07-10;sexta-feira;17:00:00;262.0;5;CARIACICA;Desobediência às normas de trânsito pelo pedestre;Atropelamento de Pedestre;Com Vítimas Feridas;Pleno dia;Crescente;Céu Claro;Múltipla;Reta;Sim;3;0;1;0;2;0;1;2;-20.33707281;-40.38649924
294583.0;2020-07-10;sexta-feira;14:55:00;101.0;371;ICONHA;Condutor Dormindo;Saída de leito carroçável;Com Vítimas Feridas;Anoitecer;Crescente;Nublado;Simples;Reta;Não;1;0;1;0;0;0;1;1;-20.77035735;-40.76847015
294556.0;2020-07-10;sexta-feira;12:15:00;101.0;263;SERRA;Desobediência às normas de trânsito pelo condutor;Colisão transversal;Com Vítimas Feridas;Pleno dia;Decrescente;Nublado;Múltipla;Interseção de vias;Sim;3;0;2;0;1;0;2;2;-20.16554736;-40.27301648
294548.0;2020-07-10;sexta-feira;11:40:00;101.0;269;SERRA;Falta de Atenção à Condução;Queda de ocupante de veículo;Com Vítimas Feridas;Pleno dia;Crescente;Sol;Múltipla;Reta;Sim;1;0;1;0;0;0;1;1;-20.21740496;-40.26990578
294511.0;2020-07-10;sexta-feira;06:40:00;101.0;266;SERRA;Desobediência às normas de trânsito pelo condutor;Colisão traseira;Com Vítimas Feridas;Pleno dia;Crescente;Céu Claro;Múltipla;Reta;Sim;1;0;1;0;0;0;1;1;-20.190199;-40.26828891
294490.0;2020-07-10;sexta-feira;01:50:00;101.0;226.5;FUNDAO;Falta de Atenção à Condução;Colisão frontal;Com Vítimas Fatais;Plena Noite;Crescente;Céu Claro;Simples;Reta;Não;4;1;0;0;1;2;0;2;-19.907313;-40.407078
294647.0;2020-07-10;sexta-feira;18:40:00;447.0;13;VILA VELHA;Falta de Atenção do Pedestre;Atropelamento de Pedestre;Com Vítimas Feridas;Plena Noite;Decrescente;Nublado;Dupla;Reta;Sim;2;0;2;0;0;0;2;1;-20.35784325;-40.3328294
294519.0;2020-07-10;sexta-feira;08:20:00;101.0;268;SERRA;Desobediência às normas de trânsito pelo condutor;Colisão lateral;Sem Vítimas;Pleno dia;Decrescente;Nublado;Simples;Reta;Sim;2;0;0;0;2;0;0;2;-20.20842;-40.269405
294737.0;2020-07-11;sábado;06:50:00;101.0;265;SERRA;Pista Escorregadia;Queda de ocupante de veículo;Com Vítimas Feridas;Pleno dia;Crescente;Céu Claro;Dupla;Não Informado;Sim;1;0;0;1;0;0;1;1;-20.1816849;-40.26536036
294910.0;2020-07-11;sábado;22:50:00;101.0;148;LINHARES;Desobediência às normas de trânsito pelo condutor;Colisão transversal;Com Vítimas Feridas;Plena Noite;Crescente;Céu Claro;Simples;Reta;Sim;2;0;0;1;1;0;1;2;-19.38787399;-40.06752766