id;data_inversa;dia_semana;horario;br;km;municipio;causa_acidente;tipo_acidente;classificacao_acidente;fase_dia;sentido_via;condicao_metereologica;tipo_pista;tracado_via;uso_solo;pessoas;mortos;feridos_leves;feridos_graves;ilesos;ignorados;feridos;veiculos;latitude;longitude
305586.0;2020-09-04;sexta-feira;13:20:00;101.0;287;CARIACICA;Objeto estático sobre o leito carroçável;Danos eventuais;Sem Vítimas;Pleno dia;Crescente;Sol;Dupla;Reta;Sim;1;0;0;0;1;0;0;1;-20.25902175;-40.37753412
305624.0;2020-09-04;sexta-feira;16:10:00;101.0;269;SERRA;Falta de Atenção à Condução;Colisão lateral;Com Vítimas Feridas;Plena Noite;Crescente;Sol;Dupla;Interseção de vias;Sim;3;0;1;0;2;0;1;2;-20.21740496;-40.26990578
311434.0;2020-09-04;sexta-feira;04:00:00;101.0;289;CARIACICA;Condutor Dormindo;Colisão com objeto estático;Com Vítimas Feridas;Plena Noite;Crescente;Ignorado;Dupla;Reta;Não;1;0;1;0;0;0;1;1;-20.28029304;-40.39302931
311259.0;2020-09-04;sexta-feira;18:25:00;262.0;4.1;CARIACICA;Velocidade Incompatível;Colisão traseira;Com Vítimas Feridas;Plena Noite;Crescente;Céu Claro;Dupla;Reta;Sim;3;0;1;1;1;0;2;2;-20.33609327;-40.37812784
305678.0;2020-09-04;sexta-feira;18:45:00;262.0;21.9;VIANA;Falta de Atenção à Condução;Colisão transversal;Sem Vítimas;Plena Noite;Decrescente;Céu Claro;Simples;Reta;Não;2;0;0;0;2;0;0;2;-20.38054389;-40.50497908
305633.0;2020-09-04;sexta-feira;16:50:00;101.0;144.4;LINHARES;Desobediência às normas de trânsito pelo condutor;Queda de ocupante de veículo;Com Vítimas Feridas;Pleno dia;Decrescente;Céu Claro;Dupla;Reta;Sim;2;0;1;0;0;1;1;1;-19.35188295;-40.0636685
310065.0;2020-09-04;sexta-feira;11:05:00;101.0;67;SAO MATEUS;Desobediência às normas de trânsito pelo condutor;Colisão transversal;Com Vítimas Feridas;Pleno dia;Decrescente;Céu Claro;Múltipla;Interseção de vias;Sim;2;0;0;1;1;0;1;2;-18.72238476;-39.86183351
309963.0;2020-09-04;sexta-feira;22:05:00;262.0;112.9;VENDA NOVA DO IMIGRANTE;Desobediência às normas de trânsito pelo condutor;Colisão lateral;Com Vítimas Fatais;Plena Noite;Crescente;Céu Claro;Simples;Curva;Não;3;1;0;1;1;0;1;2;-20.33325923;-41.20501757
309938.0;2020-09-04;sexta-feira;23:30:00;101.0;106.9;SOORETAMA;Ultrapassagem Indevida;Colisão frontal;Com Vítimas Feridas;Plena Noite;Crescente;Nublado;Simples;Reta;Não;2;0;0;1;0;1;1;2;-19.02940988;-40.01887727
305641.0;2020-09-04;sexta-feira;17:30:00;262.0;184;IRUPI;Falta de Atenção à Condução;Colisão transversal;Com Vítimas Feridas;Pleno dia;Crescente;Céu Claro;Simples;Curva;Não;2;0;1;0;1;0;1;2;-20.29551627;-41.70587605
305658.0;2020-09-04;sexta-feira;18:15:00;101.0;266;SERRA;Não guardar distância de segurança;Colisão traseira;Sem Vítimas;Anoitecer;Crescente;Céu Claro;Dupla;Reta;Sim;3;0;0;0;3;0;0;3;-20.190199;-40.26828891
305732.0;2020-09-04;sexta-feira;22:20:00;101.0;65;SAO MATEUS;Desobediência às normas de trânsito pelo condutor;Tombamento;Com Vítimas Feridas;Plena Noite;Crescente;Ignorado;Simples;Reta;Sim;1;0;1;0;0;0;1;1;-18.7093594508;-39.8776208712
305706.0;2020-09-04;sexta-feira;18:55:00;262.0;6.8;CARIACICA;Não guardar distância de segurança;Colisão traseira;Sem Vítimas;Plena Noite;Decrescente;Céu Claro;Múltipla;Reta;Sim;3;0;0;0;3;0;0;3;-20.34296255;-40.40205538
305632.0;2020-09-04;sexta-feira;16:47:00;262.0;16.7;VIANA;Falta de Atenção à Condução;Colisão traseira;Com Vítimas Feridas;Pleno dia;Crescente;Céu Claro;Simples;Reta;Não;2;0;1;0;1;0;1;2;-20.38468078;-40.4683616
312621.0;2020-09-05;sábado;04:00:00;101.0;455.9;MIMOSO DO SUL;Velocidade Incompatível;Saída de leito carroçável;Com Vítimas Fatais;Plena Noite;Decrescente;Céu Claro;Simples;Curva;Não;2;1;0;1;0;0;1;1;-21.18615788;-41.29262036
320308.0;2020-09-05;sábado;11:50:00;101.0;264.8;SERRA;Não guardar distância de segurança;Colisão lateral;Com Vítimas Feridas;Pleno dia;Crescente;Sol;Múltipla;Reta;Sim;4;0;1;1;2;0;2;4;-20.17292791;-40.26736384
308463.0;2020-09-05;sábado;21:20:00;101.0;333;GUARAPARI;Desobediência às normas de trânsito pelo condutor;Saída de leito carroçável;Com Vítimas Feridas;Plena Noite;Decrescente;Céu Claro;Dupla;Reta;Não;1;0;0;1;0;0;1;1;-20.61464111;-40.51385389
308450.0;2020-09-05;sábado;10:20:00;262.0;16;VIANA;Falta de Atenção à Condução;Engavetamento;Sem Vítimas;Pleno dia;Crescente;Céu Claro;Simples;Reta;Sim;7;0;0;0;7;0;0;6;-20.38441093;-40.463078
310831.0;2020-09-05;sábado;07:35:00;101.0;438;MIMOSO DO SUL;Falta de Atenção do Pedestre;Atropelamento de Pedestre;Com Vítimas Feridas;Pleno dia;Decrescente;Céu Claro;Simples;Reta;Não;2;0;0;1;1;0;1;1;-21.06633614;-41.22124288
306018.0;2020-09-05;sábado;21:35:00;101.0;144.4;LINHARES;Falta de Atenção à Condução;Saída de leito carroçável;Com Vítimas Feridas;Plena Noite;Decrescente;Céu Claro;Dupla;Reta;Sim;1;0;1;0;0;0;1;1;-19.35188295;-40.0636685
305769.0;2020-09-05;sábado;03:00:00;262.0;170.8;IBATIBA;Velocidade Incompatível;Tombamento;Com Vítimas Feridas;Plena Noite;Decrescente;Céu Claro;Simples;Curva;Não;1;0;1;0;0;0;1;1;-20.2647513;-41.58453796
305772.0;2020-09-05;sábado;03:00:00;101.0;265.3;SERRA;Ingestão de Álcool;Saída de leito carroçável;Com Vítimas Feridas;Plena Noite;Crescente;Céu Claro;Dupla;Reta;Sim;1;0;1;0;0;0;1;1;-20.1816849;-40.26536036
305777.0;2020-09-05;sábado;03:40:00;101.0;266.3;SERRA;Ingestão de Álcool;Colisão transversal;Sem Vítimas;Plena Noite;Decrescente;Céu Claro;Múltipla;Interseção de vias;Sim;2;0;0;0;2;0;0;2;-20.19356492;-40.26840275
305787.0;2020-09-05;sábado;05:15:00;101.0;176.2;ARACRUZ;Não guardar distância de segurança;Colisão traseira;Com Vítimas Feridas;Amanhecer;Decrescente;Céu Claro;Simples;Reta;Sim;3;0;3;0;0;0;3;2;-19.59523801;-40.19835299
305793.0;2020-09-05;sábado;05:30:00;101.0;255;SERRA;Ingestão de Álcool;Colisão com objeto estático;Sem Vítimas;Pleno dia;Crescente;Sol;Simples;Reta;Sim;1;0;0;0;1;0;0;1;-20.117;-40.316
305859.0;2020-09-05;sábado;10:10:00;101.0;149.5;LINHARES;Ingestão de Álcool;Colisão lateral;Sem Vítimas;Pleno dia;Decrescente;Céu Claro;Dupla;Não Informado;Sim;3;0;0;0;3;0;0;3;-19.39619083;-40.06435871
305987.0;2020-09-05;sábado;18:00:00;101.0;90;JAGUARE;Ingestão de Álcool;Colisão traseira;Sem Vítimas;Anoitecer;Decrescente;Céu Claro;Simples;Reta;Sim;2;0;0;0;2;0;0;2;-18.89806708;-39.95602283
306009.0;2020-09-05;sábado;19:10:00;393.0;2.5;CACHOEIRO DE ITAPEMIRIM;Desobediência às normas de trânsito pelo condutor;Colisão frontal;Com Vítimas Feridas;Plena Noite;Crescente;Céu Claro;Simples;Interseção de vias;Sim;2;0;1;0;1;0;1;2;-20.83242503;-41.17491003
306260.0;2020-09-06;domingo;16:40:00;101.0;446.6;MIMOSO DO SUL;Falta de Atenção à Condução;Saída de leito carroçável;Com Vítimas Feridas;Pleno dia;Decrescente;Céu Claro;Simples;Desvio Temporário;Não;2;0;2;0;0;0;2;1;-21.11782572;-41.26862728
306284.0;2020-09-06;domingo;22:15:00;101.0;271;SERRA;Falta de Atenção à Condução;Queda de ocupante de veículo;Com Vítimas Feridas;Pleno dia;Decrescente;Céu Claro;Múltipla;Reta;Não;1;0;1;0;0;0;1;1;-20.23267;-40.27658
306251.0;2020-09-06;domingo;19:00:00;101.0;282.5;CARIACICA;Falta de Atenção à Condução;Colisão frontal;Com Vítimas Feridas;Plena Noite;Decrescente;Céu Claro;Simples;Curva;Sim;4;0;2;0;2;0;2;2;-20.22694;-40.36458
306188.0;2020-09-06;domingo;16:30:00;101.0;68;SAO MATEUS;Falta de Atenção à Condução;Queda de ocupante de veículo;Com Vítimas Feridas;Pleno dia;Crescente;Céu Claro;Simples;Reta;Sim;1;0;1;0;0;0;1;1;-18.726597;-39.85975
306186.0;2020-09-06;domingo;15:20:00;262.0;185;IRUPI;Falta de Atenção à Condução;Colisão frontal;Com Vítimas Feridas;Pleno dia;Decrescente;Céu Claro;Simples;Interseção de vias;Sim;3;0;2;0;1;0;2;2;-20.30124092;-41.70881035
306151.0;2020-09-06;domingo;12:20:00;259.0;62.8;COLATINA;Desobediência às normas de trânsito pelo condutor;Colisão lateral;Com Vítimas Feridas;Pleno dia;Crescente;Céu Claro;Simples;Rotatória;Sim;1;0;1;0;0;0;1;1;-19.53124185;-40.68990791
306170.0;2020-09-06;domingo;14:50:00;101.0;289.8;CARIACICA;Falta de Atenção à Condução;Tombamento;Com Vítimas Feridas;Pleno dia;Decrescente;Céu Claro;Dupla;Reta;Sim;2;0;2;0;0;0;2;1;-20.28029304;-40.39302931
306167.0;2020-09-06;domingo;14:50:00;101.0;289.7;CARIACICA;Falta de Atenção à Condução;Colisão frontal;Com Vítimas Feridas;Pleno dia;Decrescente;Céu Claro;Dupla;Reta;Não;3;0;3;0;0;0;3;2;-20.28029304;-40.39302931
315744.0;2020-09-06;domingo;19:20:00;101.0;130;LINHARES;Falta de Atenção à Condução;Colisão traseira;Com Vítimas Feridas;Plena Noite;Crescente;Céu Claro;Simples;Reta;Não;3;0;1;0;2;0;1;2;-19.22994799;-40.09266892
306418.0;2020-09-07;segunda-feira;16:45:00;262.0;38.1;DOMINGOS MARTINS;Falta de Atenção à Condução;Colisão transversal;Com Vítimas Feridas;Pleno dia;Crescente;Nublado;Simples;Interseção de vias;Sim;6;0;4;0;2;0;4;2;-20.38085315;-40.62068704
308147.0;2020-09-07;segunda-feira;23:40:00;259.0;44.5;COLATINA;Carga excessiva e/ou mal acondicionada;Tombamento;Com Vítimas Feridas;Plena Noite;Decrescente;Céu Claro;Simples;Não Informado;Não;1;0;0;1;0;0;1;1;-19.53267553;-40.57174467
309853.0;2020-09-07;segunda-feira;07:00:00;393.0;16;MUQUI;Velocidade Incompatível;Saída de leito carroçável;Com Vítimas Feridas;Amanhecer;Crescente;Céu Claro;Simples;Reta;Não;1;0;0;1;0;0;1;1;-20.889292;-41.280143
306364.0;2020-09-07;segunda-feira;10:40:00;101.0;226.8;FUNDAO;Mal Súbito;Saída de leito carroçável;Com Vítimas Feridas;Pleno dia;Crescente;Céu Claro;Simples;Reta;Não;1;0;1;0;0;0;1;1;-19.90117299;-40.40897598
306374.0;2020-09-07;segunda-feira;10:00:00;262.0;137.5;MUNIZ FREIRE;Carga excessiva e/ou mal acondicionada;Tombamento;Com Vítimas Feridas;Pleno dia;Crescente;Céu Claro;Simples;Curva;Não;3;0;3;0;0;0;3;1;-20.23526078;-41.34327555
306465.0;2020-09-07;segunda-feira;18:40:00;101.0;283;CARIACICA;Ingestão de Álcool;Saída de leito carroçável;Com Vítimas Feridas;Plena Noite;Decrescente;Céu Claro;Múltipla;Reta;Sim;1;0;1;0;0;0;1;1;-20.23438373;-40.3693577
306506.0;2020-09-07;segunda-feira;19:00:00;101.0;265.5;SERRA;Falta de Atenção à Condução;Colisão lateral;Com Vítimas Feridas;Plena Noite;Decrescente;Céu Claro;Dupla;Reta;Sim;2;0;1;0;1;0;1;2;-20.1816849;-40.26536036
306413.0;2020-09-07;segunda-feira;15:30:00;101.0;272;SERRA;Falta de Atenção à Condução;Tombamento;Com Vítimas Feridas;Pleno dia;Decrescente;Céu Claro;Múltipla;Reta;Sim;2;0;2;0;0;0;2;1;-20.22724888;-40.28426988
306388.0;2020-09-07;segunda-feira;14:00:00;101.0;125;SOORETAMA;Falta de Atenção à Condução;Colisão lateral;Com Vítimas Feridas;Pleno dia;Crescente;Céu Claro;Dupla;Interseção de vias;Sim;5;0;1;0;4;0;1;2;-19.18496498;-40.09429827
306707.0;2020-09-08;terça-feira;20:50:00;101.0;149.2;LINHARES;Desobediência às normas de trânsito pelo condutor;Colisão transversal;Com Vítimas Feridas;Pleno dia;Crescente;Céu Claro;Dupla;Interseção de vias;Sim;2;0;1;0;1;0;1;2;-19.39619083;-40.06435871
306553.0;2020-09-08;terça-feira;04:30:00;262.0;151;IBATIBA;Defeito Mecânico no Veículo;Tombamento;Com Vítimas Feridas;Amanhecer;Crescente;Céu Claro;Simples;Curva;Não;2;0;2;0;0;0;2;1;-20.2148829;-41.44925529
306559.0;2020-09-08;terça-feira;05:55:00;262.0;134.1;BREJETUBA;Defeito Mecânico no Veículo;Tombamento;Sem Vítimas;Amanhecer;Crescente;Céu Claro;Simples;Curva;Não;1;0;0;0;1;0;0;1;-20.24029105;-41.32539293
306584.0;2020-09-08;terça-feira;07:40:00;101.0;265.3;SERRA;Falta de Atenção à Condução;Colisão traseira;Com Vítimas Feridas;Pleno dia;Crescente;Sol;Múltipla;Reta;Sim;2;0;0;1;1;0;1;2;-20.1816849;-40.26536036
306641.0;2020-09-08;terça-feira;14:15:00;101.0;29.5;CONCEICAO DA BARRA;Falta de Atenção à Condução;Colisão traseira;Com Vítimas Feridas;Pleno dia;Crescente;Céu Claro;Simples;Desvio Temporário;Não;4;0;1;0;3;0;1;2;-18.39992188;-39.93877968
306646.0;2020-09-08;terça-feira;15:10:00;101.0;316.3;VILA VELHA;Falta de Atenção à Condução;Colisão lateral;Com Vítimas Feridas;Pleno dia;Crescente;Céu Claro;Dupla;Não Informado;Não;3;0;1;0;2;0;1;3;-20.47804112;-40.47130769
306708.0;2020-09-08;terça-feira;21:10:00;262.0;184.8;IUNA;Falta de Atenção à Condução;Colisão transversal;Com Vítimas Feridas;Plena Noite;Decrescente;Céu Claro;Simples;Reta;Não;3;0;1;1;1;0;2;2;-20.29979507;-41.70903683
306788.0;2020-09-09;quarta-feira;11:05:00;262.0;46;MARECHAL FLORIANO;Desobediência às normas de trânsito pelo condutor;Colisão transversal;Com Vítimas Feridas;Pleno dia;Crescente;Céu Claro;Simples;Interseção de vias;Sim;3;0;0;1;2;0;1;2;-20.40565705;-40.67280081
306766.0;2020-09-09;quarta-feira;09:35:00;101.0;68.6;SAO MATEUS;Falta de Atenção à Condução;Colisão transversal;Com Vítimas Feridas;Pleno dia;Crescente;Céu Claro;Simples;Reta;Não;2;0;0;2;0;0;2;2;-18.726597;-39.85975
306854.0;2020-09-09;quarta-feira;17:30:00;101.0;123.3;SOORETAMA;Restrição de Visibilidade;Queda de ocupante de veículo;Com Vítimas Feridas;Plena Noite;Crescente;Céu Claro;Simples;Reta;Não;2;0;2;0;0;0;2;1;-19.16834502;-40.08717096
306735.0;2020-09-09;quarta-feira;04:30:00;262.0;4.2;CARIACICA;Falta de Atenção do Pedestre;Colisão com objeto em movimento;Com Vítimas Feridas;Plena Noite;Decrescente;Céu Claro;Dupla;Reta;Sim;1;0;0;1;0;0;1;1;-20.33699706;-40.37927454
306907.0;2020-09-09;quarta-feira;21:00:00;101.0;269.9;SERRA;Falta de Atenção à Condução;Queda de ocupante de veículo;Com Vítimas Feridas;Plena Noite;Decrescente;Céu Claro;Múltipla;Reta;Sim;1;0;1;0;0;0;1;1;-20.21740496;-40.26990578
306736.0;2020-09-09;quarta-feira;04:40:00;101.0;162.9;LINHARES;Falta de Atenção à Condução;Colisão transversal;Com Vítimas Feridas;Amanhecer;Decrescente;Céu Claro;Simples;Interseção de vias;Não;2;0;0;1;1;0;1;2;-19.49015283;-40.12624024
306893.0;2020-09-09;quarta-feira;18:30:00;262.0;149;IBATIBA;Defeito Mecânico no Veículo;Derramamento de carga;Com Vítimas Feridas;Plena Noite;Crescente;Céu Claro;Simples;Curva;Não;1;0;1;0;0;0;1;1;-20.21798822;-41.43190573
313036.0;2020-09-10;quinta-feira;16:00:00;101.0;149;LINHARES;Falta de Atenção à Condução;Colisão transversal;Com Vítimas Feridas;Pleno dia;Crescente;Céu Claro;Dupla;Reta;Sim;2;0;1;0;1;0;1;2;-19.4020423;-40.06087303
307059.0;2020-09-10;quinta-feira;17:00:00;101.0;269.5;SERRA;Falta de Atenção à Condução;Colisão transversal;Com Vítimas Feridas;Pleno dia;Decrescente;Sol;Dupla;Reta;Sim;2;0;0;1;1;0;1;2;-20.21740496;-40.26990578
306948.0;2020-09-10;quinta-feira;06:55:00;101.0;141.7;LINHARES;Desobediência às normas de trânsito pelo condutor;Colisão transversal;Com Vítimas Feridas;Pleno dia;Decrescente;Céu Claro;Dupla;Reta;Sim;2;0;1;0;1;0;1;2;-19.32655693;-40.07192387
306960.0;2020-09-10;quinta-feira;07:30:00;101.0;390;RIO NOVO DO SUL;Não guardar distância de segurança;Tombamento;Com Vítimas Feridas;Pleno dia;Crescente;Sol;Simples;Reta;Não;2;0;2;0;0;0;2;1;-20.86540549;-40.8878163
307045.0;2020-09-10;quinta-feira;14:50:00;262.0;6.3;CARIACICA;Falta de Atenção à Condução;Colisão lateral;Com Vítimas Feridas;Pleno dia;Crescente;Céu Claro;Dupla;Interseção de vias;Não;3;0;1;0;1;1;1;2;-20.34007493;-40.39451305
307068.0;2020-09-10;quinta-feira;18:25:00;259.0;70;COLATINA;Falta de Atenção à Condução;Queda de ocupante de veículo;Com Vítimas Feridas;Plena Noite;Decrescente;Céu Claro;Simples;Reta;Não;1;0;1;0;0;0;1;1;-19.4960282;-40.75527103
307112.0;2020-09-11;sexta-feira;01:00:00;101.0;135.5;LINHARES;Falta de Atenção à Condução;Colisão traseira;Com Vítimas Feridas;Plena Noite;Crescente;Céu Claro;Simples;Reta;Não;2;0;0;1;0;1;1;2;-19.27504305;-40.08788043
307118.0;2020-09-11;sexta-feira;04:00:00;101.0;357.8;ANCHIETA;Não guardar distância de segurança;Colisão lateral;Com Vítimas Feridas;Amanhecer;Decrescente;Céu Claro;Simples;Reta;Não;2;0;0;1;0;1;1;2;-20.68964396;-40.6990242
307141.0;2020-09-11;sexta-feira;07:45:00;101.0;289.7;CARIACICA;Falta de Atenção à Condução;Colisão lateral;Com Vítimas Feridas;Pleno dia;Decrescente;Céu Claro;Dupla;Curva;Sim;2;0;1;0;0;1;1;2;-20.290789;-40.39162
307142.0;2020-09-11;sexta-feira;07:50:00;101.0;287;CARIACICA;Falta de Atenção à Condução;Colisão traseira;Com Vítimas Feridas;Pleno dia;Crescente;Céu Claro;Dupla;Retorno Regulamentado;Sim;2;0;1;0;1;0;1;2;-20.26493528;-40.38471702
307165.0;2020-09-11;sexta-feira;09:40:00;101.0;235.9;FUNDAO;Falta de Atenção à Condução;Colisão traseira;Com Vítimas Feridas;Pleno dia;Crescente;Sol;Simples;Reta;Não;2;0;1;0;1;0;1;2;-19.97811606;-40.40780888
307176.0;2020-09-11;sexta-feira;11:45:00;101.0;264;SERRA;Falta de Atenção à Condução;Colisão traseira;Com Vítimas Feridas;Pleno dia;Crescente;Céu Claro;Múltipla;Reta;Sim;2;0;0;1;1;0;1;2;-20.1572331;-40.27678329
307206.0;2020-09-11;sexta-feira;16:00:00;101.0;267.5;SERRA;Falta de Atenção à Condução;Colisão lateral;Com Vítimas Feridas;Pleno dia;Decrescente;Céu Claro;Dupla;Reta;Sim;2;0;0;1;1;0;1;2;-20.20673507;-40.26918596
307211.0;2020-09-11;sexta-feira;16:20:00;262.0;30;DOMINGOS MARTINS;Ultrapassagem Indevida;Colisão lateral;Com Vítimas Feridas;Pleno dia;Decrescente;Céu Claro;Simples;Reta;Não;3;0;2;0;1;0;2;2;-20.37451095;-40.56495316
307240.0;2020-09-11;sexta-feira;18:00:00;101.0;316.7;VILA VELHA;Falta de Atenção à Condução;Tombamento;Com Vítimas Fatais;Plena Noite;Decrescente;Céu Claro;Dupla;Reta;Não;2;1;0;0;0;1;0;1;-20.47804112;-40.47130769
307312.0;2020-09-11;sexta-feira;23:15:00;101.0;211;IBIRACU;Falta de Atenção à Condução;Tombamento;Com Vítimas Feridas;Plena Noite;Decrescente;Céu Claro;Simples;Reta;Não;1;0;1;0;0;0;1;1;-19.80700903;-40.36767233
307324.0;2020-09-11;sexta-feira;23:50:00;101.0;130;LINHARES;Defeito Mecânico no Veículo;Colisão com objeto estático;Com Vítimas Feridas;Plena Noite;Decrescente;Céu Claro;Simples;Desvio Temporário;Não;1;0;1;0;0;0;1;1;-19.22994799;-40.09266892
307179.0;2020-09-11;sexta-feira;12:10:00;101.0;255;SERRA;Falta de Atenção à Condução;Colisão frontal;Com Vítimas Feridas;Pleno dia;Crescente;Céu Claro;Simples;Reta;Sim;2;0;1;0;1;0;1;2;-20.11734143;-40.31478351
307172.0;2020-09-11;sexta-feira;10:50:00;262.0;123.1;CONCEICAO DO CASTELO;Falta de Atenção à Condução;Tombamento;Sem Vítimas;Pleno dia;Crescente;Céu Claro;Simples;Não Informado;Não;1;0;0;0;1;0;0;1;-20.2909777;-41.24798896
309431.0;2020-09-12;sábado;19:55:00;262.0;156.5;IBATIBA;Ultrapassagem Indevida;Colisão frontal;Com Vítimas Fatais;Plena Noite;Crescente;Céu Claro;Simples;Reta;Sim;3;1;0;2;0;0;2;2;-20.230645;-41.485398
307370.0;2020-09-12;sábado;05:30:00;101.0;262;SERRA;Ingestão de Álcool;Colisão lateral;Sem Vítimas;Pleno dia;Crescente;Céu Claro;Dupla;Reta;Sim;2;0;0;0;2;0;0;2;-20.1572331;-40.27678329
307505.0;2020-09-12;sábado;18:10:00;262.0;120.2;CONCEICAO DO CASTELO;Falta de Atenção à Condução;Colisão lateral;Com Vítimas Feridas;Anoitecer;Decrescente;Céu Claro;Simples;Curva;Não;2;0;1;0;1;0;1;2;-20.300399;-41.23049498
307565.0;2020-09-12;sábado;22:30:00;482.0;105;GUACUI;Falta de Atenção do Pedestre;Atropelamento de Pedestre;Com Vítimas Feridas;Plena Noite;Crescente;Céu Claro;Simples;Reta;Não;2;0;1;0;1;0;1;1;-20.777433;-41.66744
307420.0;2020-09-12;sábado;10:10:00;262.0;4.8;CARIACICA;Falta de Atenção à Condução;Colisão traseira;Com Vítimas Feridas;Pleno dia;Decrescente;Céu Claro;Dupla;Reta;Sim;3;0;1;0;2;0;1;2;-20.33609327;-40.37812784
307414.0;2020-09-12;sábado;07:05:00;482.0;41.6;CACHOEIRO DE ITAPEMIRIM;Defeito Mecânico no Veículo;Tombamento;Com Vítimas Feridas;Amanhecer;Crescente;Céu Claro;Simples;Curva;Não;2;0;2;0;0;0;2;1;-20.76235136;-41.20394888
307404.0;2020-09-12;sábado;08:00:00;259.0;79.1;COLATINA;Falta de Atenção à Condução;Saída de leito carroçável;Com Vítimas Feridas;Pleno dia;Crescente;Céu Claro;Simples;Curva;Não;1;0;0;1;0;0;1;1;-19.5226418;-40.82552691
307520.0;2020-09-12;sábado;18:50:00;101.0;259.1;SERRA;Falta de Atenção à Condução;Colisão lateral;Com Vítimas Feridas;Plena Noite;Decrescente;Céu Claro;Dupla;Desvio Temporário;Sim;3;0;1;1;0;1;2;2;-20.21740496;-40.26990578
307450.0;2020-09-12;sábado;12:00:00;101.0;159;LINHARES;Falta de Atenção à Condução;Colisão transversal;Com Vítimas Feridas;Pleno dia;Crescente;Céu Claro;Simples;Retorno Regulamentado;Não;3;0;2;0;1;0;2;2;-19.4684012;-40.1102557
307475.0;2020-09-12;sábado;15:40:00;101.0;16.9;PEDRO CANARIO;Falta de Atenção à Condução;Colisão traseira;Com Vítimas Feridas;Pleno dia;Decrescente;Céu Claro;Dupla;Não Informado;Sim;2;0;0;1;0;1;1;2;-18.29874595;-39.95732581
307502.0;2020-09-12;sábado;18:40:00;393.0;23.7;MUQUI;Falta de Atenção à Condução;Tombamento;Com Vítimas Feridas;Plena Noite;Crescente;Céu Claro;Simples;Curva;Não;1;0;0;1;0;0;1;1;-20.94057167;-41.33099715
307384.0;2020-09-12;sábado;07:25:00;101.0;203;JOAO NEIVA;Carga excessiva e/ou mal acondicionada;Tombamento;Sem Vítimas;Pleno dia;Decrescente;Céu Claro;Dupla;Rotatória;Sim;1;0;0;0;1;0;0;1;-19.74664116;-40.37731301
307789.0;2020-09-13;domingo;22:10:00;101.0;64.1;SAO MATEUS;Não guardar distância de segurança;Colisão traseira;Com Vítimas Feridas;Plena Noite;Crescente;Nublado;Simples;Reta;Não;3;0;1;1;1;0;2;2;-18.70428583;-39.87065983
307581.0;2020-09-13;domingo;01:57:00;101.0;294.8;CARIACICA;Falta de Atenção à Condução;Colisão com objeto estático;Sem Vítimas;Plena Noite;Crescente;Céu Claro;Múltipla;Reta;Sim;3;0;0;0;2;1;0;2;-20.32946477;-40.3986758
307589.0;2020-09-13;domingo;03:50:00;101.0;262.5;SERRA;Não guardar distância de segurança;Colisão com objeto estático;Com Vítimas Feridas;Plena Noite;Decrescente;Céu Claro;Dupla;Reta;Sim;1;0;0;1;0;0;1;1;-20.16554736;-40.27301648
307645.0;2020-09-13;domingo;10:50:00;101.0;256.2;SERRA;Desobediência às normas de trânsito pelo condutor;Colisão transversal;Com Vítimas Feridas;Pleno dia;Crescente;Sol;Simples;Reta;Sim;2;0;0;1;1;0;1;2;-20.119123;-40.311005
307737.0;2020-09-13;domingo;18:35:00;101.0;293;CARIACICA;Falta de Atenção à Condução;Queda de ocupante de veículo;Com Vítimas Feridas;Plena Noite;Decrescente;Céu Claro;Dupla;Reta;Sim;1;0;1;0;0;0;1;1;-20.31526144;-40.39567044
307759.0;2020-09-13;domingo;19:40:00;101.0;320.8;GUARAPARI;Falta de Atenção à Condução;Capotamento;Com Vítimas Feridas;Plena Noite;Decrescente;Céu Claro;Dupla;Reta;Não;2;0;1;1;0;0;2;1;-20.51234104;-40.47639192
307768.0;2020-09-13;domingo;20:10:00;101.0;118;SOORETAMA;Falta de Atenção à Condução;Colisão frontal;Com Vítimas Feridas;Plena Noite;Crescente;Nublado;Simples;Reta;Não;2;0;0;1;1;0;1;2;-19.12750105;-40.06705989
307799.0;2020-09-13;domingo;22:30:00;101.0;268.8;SERRA;Falta de Atenção à Condução;Queda de ocupante de veículo;Com Vítimas Feridas;Plena Noite;Crescente;Chuva;Múltipla;Reta;Sim;1;0;1;0;0;0;1;1;-20.20842;-40.269405